F1,F2,F3,F4,F5,F6,F7,F8,CLEAR,NIR,SPECTRAL_FLAG,FLICKERING_TYPE
0,0,0,0,0,0,0,0,0,0,0,0
0,0,0,0,0,0,0,0,0,0,0,0
40,131,82,251,284,524,423,363,1640,211,1,1
40,131,82,251,284,524,423,363,1640,211,0,1
40,131,82,251,284,524,423,363,1640,211,0,1
12,68,120,56,5,16,20,21,773,25,1,1
12,68,120,56,5,16,20,21,773,25,0,1
12,68,120,56,5,16,20,21,773,25,0,1
5,51,10,3,5,15,25,22,173,23,1,1
5,51,10,3,5,15,25,22,173,23,0,1
5,51,10,3,5,15,25,22,173,23,0,1
65,12,7,8,46,63,36,35,125,63,1,1
65,12,7,8,46,63,36,35,125,63,0,1
65,12,7,8,46,63,36,35,125,63,0,1
4,8,39,14,72,53,34,62,147,60,1,1
4,8,39,14,72,53,34,62,147,60,0,1
4,8,39,14,72,53,34,62,147,60,0,1
4,23,20,14,96,59,32,43,161,55,1,1
4,23,20,14,96,59,32,43,161,55,0,1
4,23,20,14,96,59,32,43,161,55,0,1
24,16,68,16,46,62,87,58,193,51,1,1
24,16,68,16,46,62,87,58,193,51,0,1
24,16,68,16,46,62,87,58,193,51,0,1
24,16,68,16,46,62,87,58,193,51,0,1
6,21,11,16,37,54,28,23,156,40,1,1
6,21,11,16,37,54,28,23,156,40,0,1
6,21,11,16,37,54,28,23,156,40,0,1
9,42,8,39,33,48,60,47,115,40,1,1
9,42,8,39,33,48,60,47,115,40,0,1
9,42,8,39,33,48,60,47,115,40,0,1
3,17,15,12,30,44,24,42,126,65,1,1
3,17,15,12,30,44,24,42,126,65,0,1
3,17,15,12,30,44,24,42,126,65,0,1
33,18,15,12,63,82,51,152,136,97,1,1
33,18,15,12,63,82,51,152,136,97,0,1
33,18,15,12,63,82,51,152,136,97,0,1
26,86,261,295,1238,1804,1092,496,774,352,1,1
26,86,261,295,1238,1804,1092,496,774,352,0,1
26,86,261,295,1238,1804,1092,496,774,352,0,1
61,262,233,874,1569,1557,1120,521,4292,492,1,1
61,262,233,874,1569,1557,1120,521,4292,492,0,1
61,262,233,874,1569,1557,1120,521,4292,492,0,1
70,242,242,594,674,1063,1009,1116,4936,943,1,1
70,242,242,594,674,1063,1009,1116,4936,943,0,1
70,242,242,594,674,1063,1009,1116,4936,943,0,1
78,486,250,527,689,1049,1011,546,4795,944,1,1
78,486,250,527,689,1049,1011,546,4795,944,0,1
78,486,250,527,689,1049,1011,546,4795,944,0,1
107,42,89,74,187,204,128,302,2261,678,1,1
107,42,89,74,187,204,128,302,2261,678,0,1
107,42,89,74,187,204,128,302,2261,678,0,1
112,35,245,59,175,185,298,275,1161,545,1,1
112,35,245,59,175,185,298,275,1161,545,0,1
112,35,245,59,175,185,298,275,1161,545,0,1
26,78,51,54,380,456,550,349,1230,762,1,1
26,78,51,54,380,456,550,349,1230,762,0,1
26,78,51,54,380,456,550,349,1230,762,0,1
72,243,716,610,1140,2039,1182,579,4670,856,1,1
72,243,716,610,1140,2039,1182,579,4670,856,0,1
72,243,716,610,1140,2039,1182,579,4670,856,0,1
70,585,244,415,2031,1717,926,1013,4303,1070,1,1
70,585,244,415,2031,1717,926,1013,4303,1070,0,1
70,585,244,415,2031,1717,926,1013,4303,1070,0,1
792,343,195,608,810,1084,608,832,3427,2347,1,1
792,343,195,608,810,1084,608,832,3427,2347,0,1
792,343,195,608,810,1084,608,832,3427,2347,0,1
303,292,441,534,766,1174,483,599,6957,3777,1,1
303,292,441,534,766,1174,483,599,6957,3777,0,1
303,292,441,534,766,1174,483,599,6957,3777,0,1
779,133,320,646,750,1027,565,405,6082,2877,1,1
779,133,320,646,750,1027,565,405,6082,2877,0,1
779,133,320,646,750,1027,565,405,6082,2877,0,1
126,789,189,753,1129,1610,1013,514,3537,947,1,1
126,789,189,753,1129,1610,1013,514,3537,947,0,1
126,789,189,753,1129,1610,1013,514,3537,947,0,1
77,376,268,1258,1017,1617,1201,1740,4948,939,1,1
77,376,268,1258,1017,1617,1201,1740,4948,939,0,1
77,376,268,1258,1017,1617,1201,1740,4948,939,0,1
793,276,272,696,1102,1645,1203,1288,5137,1191,1,1
793,276,272,696,1102,1645,1203,1288,5137,1191,0,1
793,276,272,696,1102,1645,1203,1288,5137,1191,0,1
767,479,270,394,1148,1809,1962,1164,5062,924,1,1
767,479,270,394,1148,1809,1962,1164,5062,924,0,1
767,479,270,394,1148,1809,1962,1164,5062,924,0,1
80,339,278,414,1102,1764,1240,1183,5202,994,1,1
80,339,278,414,1102,1764,1240,1183,5202,994,0,1
80,339,278,414,1102,1764,1240,1183,5202,994,0,1
83,162,435,395,1166,1789,1257,1967,5362,1008,1,1
83,162,435,395,1166,1789,1257,1967,5362,1008,0,1
83,162,435,395,1166,1789,1257,1967,5362,1008,0,1
82,174,284,418,1130,1804,1248,1198,5313,1005,1,1
82,174,284,418,1130,1804,1248,1198,5313,1005,0,1
82,174,284,418,1130,1804,1248,1198,5313,1005,0,1
82,319,282,397,1077,1731,1230,1174,5325,996,1,1
82,319,282,397,1077,1731,1230,1174,5325,996,0,1
82,319,282,397,1077,1731,1230,1174,5325,996,0,1
122,152,277,799,1042,1123,1061,582,5270,986,1,1
122,152,277,799,1042,1123,1061,582,5270,986,0,1
122,152,277,799,1042,1123,1061,582,5270,986,0,1
79,155,236,394,649,946,964,831,4564,976,1,1
79,155,236,394,649,946,964,831,4564,976,0,1
79,155,236,394,649,946,964,831,4564,976,0,1
431,206,261,556,841,1314,1549,1030,5036,980,1,1
431,206,261,556,841,1314,1549,1030,5036,980,0,1
431,206,261,556,841,1314,1549,1030,5036,980,0,1
84,789,279,680,1061,1649,1240,649,5305,992,1,1
84,789,279,680,1061,1649,1240,649,5305,992,0,1
84,789,279,680,1061,1649,1240,649,5305,992,0,1
884,173,682,419,1293,1991,1294,1239,5447,977,1,1
884,173,682,419,1293,1991,1294,1239,5447,977,0,1
884,173,682,419,1293,1991,1294,1239,5447,977,0,1
83,1051,688,421,1175,1825,1226,1186,5364,956,1,1
83,1051,688,421,1175,1825,1226,1186,5364,956,0,1
83,1051,688,421,1175,1825,1226,1186,5364,956,0,1
80,325,278,400,1175,1723,1230,1161,6005,888,1,1
80,325,278,400,1175,1723,1230,1161,6005,888,0,1
80,325,278,400,1175,1723,1230,1161,6005,888,0,1
776,157,279,865,1188,1555,1335,1131,5279,930,1,1
776,157,279,865,1188,1555,1335,1131,5279,930,0,1
776,157,279,865,1188,1555,1335,1131,5279,930,0,1
118,144,283,660,937,1494,1164,1162,5375,929,1,1
118,144,283,660,937,1494,1164,1162,5375,929,0,1
118,144,283,660,937,1494,1164,1162,5375,929,0,1
87,763,286,656,914,1401,1183,1084,5442,1441,1,1
87,763,286,656,914,1401,1183,1084,5442,1441,0,1
87,763,286,656,914,1401,1183,1084,5442,1441,0,1
86,818,285,687,1074,1682,1248,1176,5415,968,1,1
86,818,285,687,1074,1682,1248,1176,5415,968,0,1
86,818,285,687,1074,1682,1248,1176,5415,968,0,1
86,166,446,402,1208,1764,1275,1222,5468,989,1,1
86,166,446,402,1208,1764,1275,1222,5468,989,0,1
86,166,446,402,1208,1764,1275,1222,5468,989,0,1
86,170,453,410,1138,1779,1269,1216,5493,989,1,1
86,170,453,410,1138,1779,1269,1216,5493,989,0,1
86,170,453,410,1138,1779,1269,1216,5493,989,0,1
87,164,291,397,1048,1653,1241,1825,5488,986,1,1
87,164,291,397,1048,1653,1241,1825,5488,986,0,1
87,164,291,397,1048,1653,1241,1825,5488,986,0,1
127,159,288,866,1071,1649,1251,662,5448,973,1,1
127,159,288,866,1071,1649,1251,662,5448,973,0,1
127,159,288,866,1071,1649,1251,662,5448,973,0,1
86,311,291,401,1147,1804,1275,1209,5494,961,1,1
86,311,291,401,1147,1804,1275,1209,5494,961,0,1
86,311,291,401,1147,1804,1275,1209,5494,961,0,1
85,489,291,410,1137,1739,1269,660,5477,937,1,1
85,489,291,410,1137,1739,1269,660,5477,937,0,1
85,489,291,410,1137,1739,1269,660,5477,937,0,1
86,320,293,407,1287,1992,2184,1266,5507,973,1,1
86,320,293,407,1287,1992,2184,1266,5507,973,0,1
86,320,293,407,1287,1992,2184,1266,5507,973,0,1
927,176,699,415,1168,1691,1221,1213,5657,989,1,1
927,176,699,415,1168,1691,1221,1213,5657,989,0,1
927,176,699,415,1168,1691,1221,1213,5657,989,0,1
89,198,724,461,1436,2091,1302,872,5626,1031,1,1
89,198,724,461,1436,2091,1302,872,5626,1031,0,1
89,198,724,461,1436,2091,1302,872,5626,1031,0,1
87,427,298,457,1455,2105,2371,658,5439,1060,1,1
87,427,298,457,1455,2105,2371,658,5439,1060,0,1
87,427,298,457,1455,2105,2371,658,5439,1060,0,1
154,198,296,1159,1367,2002,1275,653,5401,1079,1,1
154,198,296,1159,1367,2002,1275,653,5401,1079,0,1
154,198,296,1159,1367,2002,1275,653,5401,1079,0,1
84,403,284,441,1148,1663,1195,1972,6136,1077,1,1
84,403,284,441,1148,1663,1195,1972,6136,1077,0,1
84,403,284,441,1148,1663,1195,1972,6136,1077,0,1
87,178,688,411,1114,1762,1255,1197,5758,1717,1,1
87,178,688,411,1114,1762,1255,1197,5758,1717,0,1
87,178,688,411,1114,1762,1255,1197,5758,1717,0,1
84,1181,285,435,1372,3027,1258,1240,5281,1071,1,1
84,1181,285,435,1372,3027,1258,1240,5281,1071,0,1
84,1181,285,435,1372,3027,1258,1240,5281,1071,0,1
83,198,281,457,1407,3029,1239,625,5075,1092,1,1
83,198,281,457,1407,3029,1239,625,5075,1092,0,1
83,198,281,457,1407,3029,1239,625,5075,1092,0,1
1084,445,283,896,1412,2030,1254,2246,5112,1057,1,1
1084,445,283,896,1412,2030,1254,2246,5112,1057,0,1
1084,445,283,896,1412,2030,1254,2246,5112,1057,0,1
82,457,1329,917,1464,3189,1251,1226,5095,958,1,1
82,457,1329,917,1464,3189,1251,1226,5095,958,0,1
82,457,1329,917,1464,3189,1251,1226,5095,958,0,1
81,483,285,2064,1502,3294,1236,1257,4872,1073,1,1
81,483,285,2064,1502,3294,1236,1257,4872,1073,0,1
81,483,285,2064,1502,3294,1236,1257,4872,1073,0,1
83,492,286,954,1504,2159,1242,2398,4842,1080,1,1
83,492,286,954,1504,2159,1242,2398,4842,1080,0,1
83,492,286,954,1504,2159,1242,2398,4842,1080,0,1
84,491,288,957,1511,2168,1244,1274,4932,2229,1,1
84,491,288,957,1511,2168,1244,1274,4932,2229,0,1
84,491,288,957,1511,2168,1244,1274,4932,2229,0,1
85,1645,297,971,1530,3344,1391,1336,5094,1049,1,1
85,1645,297,971,1530,3344,1391,1336,5094,1049,0,1
85,1645,297,971,1530,3344,1391,1336,5094,1049,0,1
84,502,298,983,1534,2208,1290,1271,6199,1011,1,1
84,502,298,983,1534,2208,1290,1271,6199,1011,0,1
84,502,298,983,1534,2208,1290,1271,6199,1011,0,1
1214,489,289,964,1509,2171,1263,1241,4909,2103,1,1
1214,489,289,964,1509,2171,1263,1241,4909,2103,0,1
1214,489,289,964,1509,2171,1263,1241,4909,2103,0,1
1200,483,283,947,1473,2116,1218,1219,4769,972,1,1
1200,483,283,947,1473,2116,1218,1219,4769,972,0,1
1200,483,283,947,1473,2116,1218,1219,4769,972,0,1
1151,466,261,889,1361,1967,1073,1148,4159,1043,1,1
1151,466,261,889,1361,1967,1073,1148,4159,1043,0,1
1151,466,261,889,1361,1967,1073,1148,4159,1043,0,1
1148,463,257,879,1426,2053,1144,2276,3960,976,1,1
1148,463,257,879,1426,2053,1144,2276,3960,976,0,1
1148,463,257,879,1426,2053,1144,2276,3960,976,0,1
76,474,267,910,1432,2061,1136,1183,4250,959,1,1
76,474,267,910,1432,2061,1136,1183,4250,959,0,1
76,474,267,910,1432,2061,1136,1183,4250,959,0,1
1177,467,256,889,2489,2015,1100,1126,3806,698,1,1
1177,467,256,889,2489,2015,1100,1126,3806,698,0,1
1177,467,256,889,2489,2015,1100,1126,3806,698,0,1
73,1585,255,884,1392,2096,1092,1175,3685,995,1,1
73,1585,255,884,1392,2096,1092,1175,3685,995,0,1
73,1585,255,884,1392,2096,1092,1175,3685,995,0,1
343,274,250,867,1362,1980,1065,1165,3416,999,1,1
343,274,250,867,1362,1980,1065,1165,3416,999,0,1
343,274,250,867,1362,1980,1065,1165,3416,999,0,1
73,661,249,436,1465,2020,1086,1169,3388,990,1,1
73,661,249,436,1465,2020,1086,1169,3388,990,0,1
73,661,249,436,1465,2020,1086,1169,3388,990,0,1
74,668,254,446,1424,2157,1123,1183,3542,964,1,1
74,668,254,446,1424,2157,1123,1183,3542,964,0,1
74,668,254,446,1424,2157,1123,1183,3542,964,0,1
156,203,269,1191,1455,2086,1166,2314,4252,944,1,1
156,203,269,1191,1455,2086,1166,2314,4252,944,0,1
156,203,269,1191,1455,2086,1166,2314,4252,944,0,1
1189,477,271,914,1427,2060,1135,1187,4276,970,1,1
1189,477,271,914,1427,2060,1135,1187,4276,970,0,1
1189,477,271,914,1427,2060,1135,1187,4276,970,0,1
156,199,260,1175,1400,2042,1103,585,3779,974,1,1
156,199,260,1175,1400,2042,1103,585,3779,974,0,1
156,199,260,1175,1400,2042,1103,585,3779,974,0,1
75,197,454,447,1406,2042,1106,1183,3573,977,1,1
75,197,454,447,1406,2042,1106,1183,3573,977,0,1
75,197,454,447,1406,2042,1106,1183,3573,977,0,1
76,198,457,445,2542,2049,1116,1185,3699,972,1,1
76,198,457,445,2542,2049,1116,1185,3699,972,0,1
76,198,457,445,2542,2049,1116,1185,3699,972,0,1
76,200,714,1590,2629,2063,1128,1178,4010,944,1,1
76,200,714,1590,2629,2063,1128,1178,4010,944,0,1
76,200,714,1590,2629,2063,1128,1178,4010,944,0,1
74,196,702,446,1468,2027,1295,1140,3871,839,1,1
74,196,702,446,1468,2027,1295,1140,3871,839,0,1
74,196,702,446,1468,2027,1295,1140,3871,839,0,1
66,188,675,433,1365,1996,1079,732,3501,630,1,1
66,188,675,433,1365,1996,1079,732,3501,630,0,1
66,188,675,433,1365,1996,1079,732,3501,630,0,1
1259,191,246,1137,1387,2023,1098,568,3316,913,1,1
1259,191,246,1137,1387,2023,1098,568,3316,913,0,1
1259,191,246,1137,1387,2023,1098,568,3316,913,0,1
72,195,698,446,1389,2028,1098,1147,3813,1994,1,1
72,195,698,446,1389,2028,1098,1147,3813,1994,0,1
72,195,698,446,1389,2028,1098,1147,3813,1994,0,1
149,1515,248,437,1358,1991,1056,1154,3760,913,1,1
149,1515,248,437,1358,1991,1056,1154,3760,913,0,1
149,1515,248,437,1358,1991,1056,1154,3760,913,0,1
1269,185,236,1116,1398,1946,1013,1146,2788,918,1,1
1269,185,236,1116,1398,1946,1013,1146,2788,918,0,1
1269,185,236,1116,1398,1946,1013,1146,2788,918,0,1
1269,185,236,1116,1398,1946,1013,1146,2788,918,0,1
336,268,241,862,1385,2026,1080,1158,4180,901,1,1
336,268,241,862,1385,2026,1080,1158,4180,901,0,1
336,268,241,862,1385,2026,1080,1158,4180,901,0,1
71,192,442,440,1381,2024,1079,1154,3370,885,1,1
71,192,442,440,1381,2024,1079,1154,3370,885,0,1
71,192,442,440,1381,2024,1079,1154,3370,885,0,1
337,270,247,882,1397,2124,1099,1160,3358,894,1,1
337,270,247,882,1397,2124,1099,1160,3358,894,0,1
337,270,247,882,1397,2124,1099,1160,3358,894,0,1
71,465,252,446,1401,2050,1102,770,3554,882,1,1
71,465,252,446,1401,2050,1102,770,3554,882,0,1
71,465,252,446,1401,2050,1102,770,3554,882,0,1
420,196,253,450,1421,2081,1124,581,4237,874,1,1
420,196,253,450,1421,2081,1124,581,4237,874,0,1
420,196,253,450,1421,2081,1124,581,4237,874,0,1
70,466,253,451,1431,2077,1135,768,3594,837,1,1
70,466,253,451,1431,2077,1135,768,3594,837,0,1
70,466,253,451,1431,2077,1135,768,3594,837,0,1
1187,461,254,899,2560,2086,1149,1150,3863,817,1,1
1187,461,254,899,2560,2086,1149,1150,3863,817,0,1
1187,461,254,899,2560,2086,1149,1150,3863,817,0,1
69,1594,251,894,2556,2071,1125,1151,3722,836,1,1
69,1594,251,894,2556,2071,1125,1151,3722,836,0,1
69,1594,251,894,2556,2071,1125,1151,3722,836,0,1
1185,452,251,888,1409,2056,2251,1121,3771,680,1,1
1185,452,251,888,1409,2056,2251,1121,3771,680,0,1
1185,452,251,888,1409,2056,2251,1121,3771,680,0,1
72,1577,261,906,1443,2107,1177,1165,4242,1953,1,1
72,1577,261,906,1443,2107,1177,1165,4242,1953,0,1
72,1577,261,906,1443,2107,1177,1165,4242,1953,0,1
1204,462,258,910,1418,2080,1134,2249,3966,610,1,1
1204,462,258,910,1418,2080,1134,2249,3966,610,0,1
1204,462,258,910,1418,2080,1134,2249,3966,610,0,1
1169,436,236,864,1373,2027,2203,1043,3231,289,1,1
1169,436,236,864,1373,2027,2203,1043,3231,289,0,1
1169,436,236,864,1373,2027,2203,1043,3231,289,0,1
1149,423,222,834,2426,1970,1045,1023,2700,236,1,1
1149,423,222,834,2426,1970,1045,1023,2700,236,0,1
1149,423,222,834,2426,1970,1045,1023,2700,236,0,1
49,1518,211,809,1240,1860,959,1004,2259,251,1,1
49,1518,211,809,1240,1860,959,1004,2259,251,0,1
49,1518,211,809,1240,1860,959,1004,2259,251,0,1
44,1484,194,767,1277,1905,999,1001,1703,1280,1,1
44,1484,194,767,1277,1905,999,1001,1703,1280,0,1
44,1484,194,767,1277,1905,999,1001,1703,1280,0,1
50,415,214,812,1335,1977,1065,1012,2468,214,1,1
50,415,214,812,1335,1977,1065,1012,2468,214,0,1
50,415,214,812,1335,1977,1065,1012,2468,214,0,1
1144,420,217,825,1266,1898,989,999,2543,165,1,1
1144,420,217,825,1266,1898,989,999,2543,165,0,1
1144,420,217,825,1266,1898,989,999,2543,165,0,1
1112,398,189,758,1281,1916,1004,1006,1608,217,1,1
1112,398,189,758,1281,1916,1004,1006,1608,217,0,1
1112,398,189,758,1281,1916,1004,1006,1608,217,0,1
51,421,219,829,1371,2029,1095,1038,2620,279,1,1
51,421,219,829,1371,2029,1095,1038,2620,279,0,1
51,421,219,829,1371,2029,1095,1038,2620,279,0,1
53,424,229,848,1381,2037,1105,1029,3036,234,1,1
53,424,229,848,1381,2037,1105,1029,3036,234,0,1
53,424,229,848,1381,2037,1105,1029,3036,234,0,1
53,425,229,850,1368,2019,2194,1026,3064,222,1,1
53,425,229,850,1368,2019,2194,1026,3064,222,0,1
53,425,229,850,1368,2019,2194,1026,3064,222,0,1
1152,420,219,826,1324,1964,1042,1009,2596,1310,1,1
1152,420,219,826,1324,1964,1042,1009,2596,1310,0,1
1152,420,219,826,1324,1964,1042,1009,2596,1310,0,1
1144,419,222,832,1371,2023,1106,1019,2822,239,1,1
1144,419,222,832,1371,2023,1106,1019,2822,239,0,1
1144,419,222,832,1371,2023,1106,1019,2822,239,0,1
1146,423,233,855,1356,2008,1086,1026,3353,244,1,1
1146,423,233,855,1356,2008,1086,1026,3353,244,0,1
1146,423,233,855,1356,2008,1086,1026,3353,244,0,1
54,1542,219,823,1294,3042,1005,1087,2501,645,1,1
54,1542,219,823,1294,3042,1005,1087,2501,645,0,1
54,1542,219,823,1294,3042,1005,1087,2501,645,0,1
1169,434,223,826,1327,1960,1037,509,2573,391,1,1
1169,434,223,826,1327,1960,1037,509,2573,391,0,1
1169,434,223,826,1327,1960,1037,509,2573,391,0,1
1136,416,214,809,2360,1904,1006,998,2386,195,1,1
1136,416,214,809,2360,1904,1006,998,2386,195,0,1
1136,416,214,809,2360,1904,1006,998,2386,195,0,1
41,1455,189,750,1162,1759,903,949,1689,120,1,1
41,1455,189,750,1162,1759,903,949,1689,120,0,1
41,1455,189,750,1162,1759,903,949,1689,120,0,1
1077,384,183,732,1239,2899,968,961,1558,153,1,1
1077,384,183,732,1239,2899,968,961,1558,153,0,1
1077,384,183,732,1239,2899,968,961,1558,153,0,1
1105,403,211,799,1321,1942,1050,975,2626,1267,1,1
1105,403,211,799,1321,1942,1050,975,2626,1267,0,1
1105,403,211,799,1321,1942,1050,975,2626,1267,0,1
1169,171,223,1059,1334,1957,1071,978,3208,224,1,1
1169,171,223,1059,1334,1957,1071,978,3208,224,0,1
1169,171,223,1059,1334,1957,1071,978,3208,224,0,1
1090,401,222,815,1331,1950,1098,978,3269,249,1,1
1090,401,222,815,1331,1950,1098,978,3269,249,0,1
1090,401,222,815,1331,1950,1098,978,3269,249,0,1
56,389,231,817,1328,1943,1121,496,3850,264,1,1
56,389,231,817,1328,1943,1121,496,3850,264,0,1
56,389,231,817,1328,1943,1121,496,3850,264,0,1
110,1205,228,1050,1344,1966,1088,2030,3651,238,1,1
110,1205,228,1050,1344,1966,1088,2030,3651,238,0,1
110,1205,228,1050,1344,1966,1088,2030,3651,238,0,1
53,1466,224,825,1330,1951,1059,2037,3334,230,1,1
53,1466,224,825,1330,1951,1059,2037,3334,230,0,1
53,1466,224,825,1330,1951,1059,2037,3334,230,0,1
1097,403,215,803,1315,1935,1042,979,2861,211,1,1
1097,403,215,803,1315,1935,1042,979,2861,211,0,1
1097,403,215,803,1315,1935,1042,979,2861,211,0,1
51,407,220,817,1327,1950,1050,983,3030,198,1,1
51,407,220,817,1327,1950,1050,983,3030,198,0,1
51,407,220,817,1327,1950,1050,983,3030,198,0,1
47,1472,208,791,1280,1895,1000,970,2437,162,1,1
47,1472,208,791,1280,1895,1000,970,2437,162,0,1
47,1472,208,791,1280,1895,1000,970,2437,162,0,1
45,395,200,771,2291,1847,971,959,2120,145,1,1
45,395,200,771,2291,1847,971,959,2120,145,0,1
45,395,200,771,2291,1847,971,959,2120,145,0,1
43,393,197,763,2295,1852,972,960,2028,147,1,1
43,393,197,763,2295,1852,972,960,2028,147,0,1
43,393,197,763,2295,1852,972,960,2028,147,0,1
1099,397,203,777,2344,1900,1009,970,2231,170,1,1
1099,397,203,777,2344,1900,1009,970,2231,170,0,1
1099,397,203,777,2344,1900,1009,970,2231,170,0,1
48,401,211,796,1319,1938,1043,2037,2610,195,1,1
48,401,211,796,1319,1938,1043,2037,2610,195,0,1
48,401,211,796,1319,1938,1043,2037,2610,195,0,1
51,405,219,815,1335,1959,1066,978,3051,210,1,1
51,405,219,815,1335,1959,1066,978,3051,210,0,1
51,405,219,815,1335,1959,1066,978,3051,210,0,1
1107,405,220,819,1332,3024,1064,979,3109,204,1,1
1107,405,220,819,1332,3024,1064,979,3109,204,0,1
1107,405,220,819,1332,3024,1064,979,3109,204,0,1
108,1234,214,1041,1293,1909,1020,969,2795,169,1,1
108,1234,214,1041,1293,1909,1020,969,2795,169,0,1
108,1234,214,1041,1293,1909,1020,969,2795,169,0,1
46,1468,207,789,1305,1927,1024,974,2430,168,1,1
46,1468,207,789,1305,1927,1024,974,2430,168,0,1
46,1468,207,789,1305,1927,1024,974,2430,168,0,1
1112,402,211,799,1317,1941,1040,976,2615,183,1,1
1112,402,211,799,1317,1941,1040,976,2615,183,0,1
1112,402,211,799,1317,1941,1040,976,2615,183,0,1
49,399,213,800,1285,1898,1008,636,2784,167,1,1
49,399,213,800,1285,1898,1008,636,2784,167,0,1
49,399,213,800,1285,1898,1008,636,2784,167,0,1
1093,162,206,1013,1291,1905,1013,960,2465,169,1,1
1093,162,206,1013,1291,1905,1013,960,2465,169,0,1
1093,162,206,1013,1291,1905,1013,960,2465,169,0,1
49,1466,215,805,1315,1935,2096,971,2854,181,1,1
49,1466,215,805,1315,1935,2096,971,2854,181,0,1
49,1466,215,805,1315,1935,2096,971,2854,181,0,1
1101,399,212,797,1299,1915,1022,964,2725,176,1,1
1101,399,212,797,1299,1915,1022,964,2725,176,0,1
1101,399,212,797,1299,1915,1022,964,2725,176,0,1
50,400,218,809,1336,1959,1072,2032,3044,210,1,1
50,400,218,809,1336,1959,1072,2032,3044,210,0,1
50,400,218,809,1336,1959,1072,2032,3044,210,0,1
53,403,226,828,2418,1982,1084,985,3454,209,1,1
53,403,226,828,2418,1982,1084,985,3454,209,0,1
53,403,226,828,2418,1982,1084,985,3454,209,0,1
50,1482,218,816,1315,1938,1035,975,2954,177,1,1
50,1482,218,816,1315,1938,1035,975,2954,177,0,1
50,1482,218,816,1315,1938,1035,975,2954,177,0,1
49,1478,213,803,1303,1924,1024,2042,2712,175,1,1
49,1478,213,803,1303,1924,1024,2042,2712,175,0,1
49,1478,213,803,1303,1924,1024,2042,2712,175,0,1
1113,401,214,804,1316,1940,1044,2051,2748,183,1,1
1113,401,214,804,1316,1940,1044,2051,2748,183,0,1
1113,401,214,804,1316,1940,1044,2051,2748,183,0,1
1178,168,215,1044,1331,3044,1055,986,2744,185,1,1
1178,168,215,1044,1331,3044,1055,986,2744,185,0,1
1178,168,215,1044,1331,3044,1055,986,2744,185,0,1
50,409,220,822,1350,3075,1074,994,2931,196,1,1
50,409,220,822,1350,3075,1074,994,2931,196,0,1
50,409,220,822,1350,3075,1074,994,2931,196,0,1
50,1506,222,828,1344,1978,1063,994,2970,187,1,1
50,1506,222,828,1344,1978,1063,994,2970,187,0,1
50,1506,222,828,1344,1978,1063,994,2970,187,0,1
1132,410,217,817,2391,1938,1026,984,2746,162,1,1
1132,410,217,817,2391,1938,1026,984,2746,162,0,1
1132,410,217,817,2391,1938,1026,984,2746,162,0,1
46,1482,206,792,1315,1951,1034,987,2326,166,1,1
46,1482,206,792,1315,1951,1034,987,2326,166,0,1
46,1482,206,792,1315,1951,1034,987,2326,166,0,1
50,411,220,823,1366,3107,1081,1003,2826,197,1,1
50,411,220,823,1366,3107,1081,1003,2826,197,0,1
50,411,220,823,1366,3107,1081,1003,2826,197,0,1
52,415,228,841,1368,2009,1097,1004,3202,209,1,1
52,415,228,841,1368,2009,1097,1004,3202,209,0,1
52,415,228,841,1368,2009,1097,1004,3202,209,0,1
1136,414,229,843,1377,3110,1107,1005,3336,213,1,1
1136,414,229,843,1377,3110,1107,1005,3336,213,0,1
1136,414,229,843,1377,3110,1107,1005,3336,213,0,1
52,1510,228,842,1368,2006,1089,1002,3268,202,1,1
52,1510,228,842,1368,2006,1089,1002,3268,202,0,1
52,1510,228,842,1368,2006,1089,1002,3268,202,0,1
51,412,222,829,1349,1982,1069,2081,2987,191,1,1
51,412,222,829,1349,1982,1069,2081,2987,191,0,1
51,412,222,829,1349,1982,1069,2081,2987,191,0,1
1132,412,223,830,2450,2002,1088,999,3035,203,1,1
1132,412,223,830,2450,2002,1088,999,3035,203,0,1
1132,412,223,830,2450,2002,1088,999,3035,203,0,1
52,1496,225,832,1351,1983,1078,991,3173,203,1,1
52,1496,225,832,1351,1983,1078,991,3173,203,0,1
52,1496,225,832,1351,1983,1078,991,3173,203,0,1
1121,408,222,825,1339,1969,1064,987,3095,192,1,1
1121,408,222,825,1339,1969,1064,987,3095,192,0,1
1121,408,222,825,1339,1969,1064,987,3095,192,0,1
1117,406,217,814,1332,1957,2125,979,2870,194,1,1
1117,406,217,814,1332,1957,2125,979,2870,194,0,1
1117,406,217,814,1332,1957,2125,979,2870,194,0,1
51,402,222,820,1342,1968,1096,978,3262,224,1,1
51,402,222,820,1342,1968,1096,978,3262,224,0,1
51,402,222,820,1342,1968,1096,978,3262,224,0,1
54,396,228,824,1333,1951,1109,977,3656,239,1,1
54,396,228,824,1333,1951,1109,977,3656,239,0,1
54,396,228,824,1333,1951,1109,977,3656,239,0,1
55,383,229,810,1304,1909,1109,490,3833,248,1,1
55,383,229,810,1304,1909,1109,490,3833,248,0,1
55,383,229,810,1304,1909,1109,490,3833,248,0,1
103,162,229,1005,1335,1884,1104,961,3888,252,1,1
103,162,229,1005,1335,1884,1104,961,3888,252,0,1
103,162,229,1005,1335,1884,1104,961,3888,252,0,1
55,159,615,395,1260,1895,1097,951,5048,254,1,1
55,159,615,395,1260,1895,1097,951,5048,254,0,1
55,159,615,395,1260,1895,1097,951,5048,254,0,1
55,157,608,391,1276,1919,1101,956,4081,252,1,1
55,157,608,391,1276,1919,1101,956,4081,252,0,1
55,157,608,391,1276,1919,1101,956,4081,252,0,1
264,162,1212,613,1297,1947,1098,960,4238,245,1,1
264,162,1212,613,1297,1947,1098,960,4238,245,0,1
264,162,1212,613,1297,1947,1098,960,4238,245,0,1
1284,161,228,398,1289,1885,1102,489,4434,250,1,1
1284,161,228,398,1289,1885,1102,489,4434,250,0,1
1284,161,228,398,1289,1885,1102,489,4434,250,0,1
312,162,227,794,1290,1887,1095,486,3841,246,1,1
312,162,227,794,1290,1887,1095,486,3841,246,0,1
312,162,227,794,1290,1887,1095,486,3841,246,0,1
54,159,613,395,1252,1831,1088,1890,3856,252,1,1
54,159,613,395,1252,1831,1088,1890,3856,252,0,1
54,159,613,395,1252,1831,1088,1890,3856,252,0,1
973,153,596,379,1194,1789,1070,927,3918,259,1,1
973,153,596,379,1194,1789,1070,927,3918,259,0,1
973,153,596,379,1194,1789,1070,927,3918,259,0,1
53,145,573,360,1148,1689,1050,474,4075,259,1,1
53,145,573,360,1148,1689,1050,474,4075,259,0,1
53,145,573,360,1148,1689,1050,474,4075,259,0,1
53,141,562,353,1125,1663,1043,472,4046,260,1,1
53,141,562,353,1125,1663,1043,472,4046,260,0,1
53,141,562,353,1125,1663,1043,472,4046,260,0,1
53,141,562,353,1125,1663,1043,472,4046,260,0,1
84,137,550,1157,1876,1603,1026,890,3905,264,1,1
84,137,550,1157,1876,1603,1026,890,3905,264,0,1
84,137,550,1157,1876,1603,1026,890,3905,264,0,1
855,287,215,673,1118,1647,1042,904,3896,265,1,1
855,287,215,673,1118,1647,1042,904,3896,265,0,1
855,287,215,673,1118,1647,1042,904,3896,265,0,1
53,316,1076,711,1190,1777,1065,925,3921,260,1,1
53,316,1076,711,1190,1777,1065,925,3921,260,0,1
53,316,1076,711,1190,1777,1065,925,3921,260,0,1
965,303,223,377,2181,1861,1086,945,3937,255,1,1
965,303,223,377,2181,1861,1086,945,3937,255,0,1
965,303,223,377,2181,1861,1086,945,3937,255,0,1
997,157,607,388,1270,1895,1092,954,4080,253,1,1
997,157,607,388,1270,1895,1092,954,4080,253,0,1
997,157,607,388,1270,1895,1092,954,4080,253,0,1
54,160,613,393,1303,1829,1084,947,3885,252,1,1
54,160,613,393,1303,1829,1084,947,3885,252,0,1
54,160,613,393,1303,1829,1084,947,3885,252,0,1
54,154,1520,379,1210,1806,1072,932,3907,259,1,1
54,154,1520,379,1210,1806,1072,932,3907,259,0,1
54,154,1520,379,1210,1806,1072,932,3907,259,0,1
54,150,1482,371,1217,1816,1079,938,3947,260,1,1
54,150,1482,371,1217,1816,1079,938,3947,260,0,1
54,150,1482,371,1217,1816,1079,938,3947,260,0,1
54,157,605,386,1284,1916,1095,961,3932,251,1,1
54,157,605,386,1284,1916,1095,961,3932,251,0,1
54,157,605,386,1284,1916,1095,961,3932,251,0,1
54,162,435,397,1259,1877,1082,949,4841,252,1,1
54,162,435,397,1259,1877,1082,949,4841,252,0,1
54,162,435,397,1259,1877,1082,949,4841,252,0,1
54,347,224,381,1228,1833,1086,947,4875,263,1,1
54,347,224,381,1228,1833,1086,947,4875,263,0,1
54,347,224,381,1228,1833,1086,947,4875,263,0,1
55,149,590,368,1161,1709,1073,637,4215,280,1,1
55,149,590,368,1161,1709,1073,637,4215,280,0,1
55,149,590,368,1161,1709,1073,637,4215,280,0,1
92,149,223,917,1256,1782,1079,927,4873,252,1,1
92,149,223,917,1256,1782,1079,927,4873,252,0,1
92,149,223,917,1256,1782,1079,927,4873,252,0,1
51,157,593,385,1277,1857,1033,472,3533,227,1,1
51,157,593,385,1277,1857,1033,472,3533,227,0,1
51,157,593,385,1277,1857,1033,472,3533,227,0,1
53,1405,223,797,1326,1931,1082,979,3619,239,1,1
53,1405,223,797,1326,1931,1082,979,3619,239,0,1
53,1405,223,797,1326,1931,1082,979,3619,239,0,1
54,394,1278,818,1341,1950,1080,2038,3644,237,1,1
54,394,1278,818,1341,1950,1080,2038,3644,237,0,1
54,394,1278,818,1341,1950,1080,2038,3644,237,0,1
1082,392,221,805,1294,1884,1048,949,3407,1229,1,1
1082,392,221,805,1294,1884,1048,949,3407,1229,0,1
1082,392,221,805,1294,1884,1048,949,3407,1229,0,1
56,1334,232,783,1177,1752,1112,953,4047,274,1,1
56,1334,232,783,1177,1752,1112,953,4047,274,0,1
56,1334,232,783,1177,1752,1112,953,4047,274,0,1
83,134,347,486,994,1503,1040,868,4339,1061,1,1
83,134,347,486,994,1503,1040,868,4339,1061,0,1
83,134,347,486,994,1503,1040,868,4339,1061,0,1
52,125,333,324,955,1456,1022,858,3960,275,1,1
52,125,333,324,955,1456,1022,858,3960,275,0,1
52,125,333,324,955,1456,1022,858,3960,275,0,1
52,223,818,312,1002,1546,1745,465,3917,269,1,1
52,223,818,312,1002,1546,1745,465,3917,269,0,1
52,223,818,312,1002,1546,1745,465,3917,269,0,1
84,136,211,1559,1072,1609,1053,885,3846,1026,1,1
84,136,211,1559,1072,1609,1053,885,3846,1026,0,1
84,136,211,1559,1072,1609,1053,885,3846,1026,0,1
52,317,220,710,2180,1804,1095,936,4792,445,1,1
52,317,220,710,2180,1804,1095,936,4792,445,0,1
52,317,220,710,2180,1804,1095,936,4792,445,0,1
53,160,224,778,1286,1886,2087,963,5122,246,1,1
53,160,224,778,1286,1886,2087,963,5122,246,0,1
53,160,224,778,1286,1886,2087,963,5122,246,0,1
54,166,626,415,2346,1945,1111,490,3867,231,1,1
54,166,626,415,2346,1945,1111,490,3867,231,0,1
54,166,626,415,2346,1945,1111,490,3867,231,0,1
52,1440,225,818,1337,1967,1085,986,3450,1259,1,1
52,1440,225,818,1337,1967,1085,986,3450,1259,0,1
52,1440,225,818,1337,1967,1085,986,3450,1259,0,1
1111,408,219,818,1331,1959,1061,987,2933,1248,1,1
1111,408,219,818,1331,1959,1061,987,2933,1248,0,1
1111,408,219,818,1331,1959,1061,987,2933,1248,0,1
1104,407,220,818,1336,1962,1077,984,3012,201,1,1
1104,407,220,818,1336,1962,1077,984,3012,201,0,1
1104,407,220,818,1336,1962,1077,984,3012,201,0,1
51,403,223,818,1333,1955,2138,981,3267,227,1,1
51,403,223,818,1333,1955,2138,981,3267,227,0,1
51,403,223,818,1333,1955,2138,981,3267,227,0,1
1061,390,230,814,1304,1913,1119,969,3770,243,1,1
1061,390,230,814,1304,1913,1119,969,3770,243,0,1
1061,390,230,814,1304,1913,1119,969,3770,243,0,1
1086,164,229,1015,1308,1921,1123,492,3849,244,1,1
1086,164,229,1015,1308,1921,1123,492,3849,244,0,1
1086,164,229,1015,1308,1921,1123,492,3849,244,0,1
108,1198,230,1045,1346,3028,1105,989,3723,222,1,1
108,1198,230,1045,1346,3028,1105,989,3723,222,0,1
108,1198,230,1045,1346,3028,1105,989,3723,222,0,1
51,1473,224,826,1351,1986,1094,995,3225,207,1,1
51,1473,224,826,1351,1986,1094,995,3225,207,0,1
51,1473,224,826,1351,1986,1094,995,3225,207,0,1
53,412,230,842,1373,2012,1109,1007,3451,210,1,1
53,412,230,842,1373,2012,1109,1007,3451,210,0,1
53,412,230,842,1373,2012,1109,1007,3451,210,0,1
1121,412,222,829,1354,1984,1106,991,3023,1272,1,1
1121,412,222,829,1354,1984,1106,991,3023,1272,0,1
1121,412,222,829,1354,1984,1106,991,3023,1272,0,1
55,395,234,829,1347,1977,2172,995,3872,245,1,1
55,395,234,829,1347,1977,2172,995,3872,245,0,1
55,395,234,829,1347,1977,2172,995,3872,245,0,1
54,1208,231,1053,1324,1945,1130,983,3713,244,1,1
54,1208,231,1053,1324,1945,1130,983,3713,244,0,1
54,1208,231,1053,1324,1945,1130,983,3713,244,0,1
104,165,231,1020,2294,1916,1124,657,3932,246,1,1
104,165,231,1020,2294,1916,1124,657,3932,246,0,1
104,165,231,1020,2294,1916,1124,657,3932,246,0,1
1283,220,231,816,1348,1979,1119,496,3843,1275,1,1
1283,220,231,816,1348,1979,1119,496,3843,1275,0,1
1283,220,231,816,1348,1979,1119,496,3843,1275,0,1
52,1474,226,830,2414,1980,1081,993,3300,198,1,1
52,1474,226,830,2414,1980,1081,993,3300,198,0,1
52,1474,226,830,2414,1980,1081,993,3300,198,0,1
1119,410,217,816,1314,1941,1038,989,2763,162,1,1
1119,410,217,816,1314,1941,1038,989,2763,162,0,1
1119,410,217,816,1314,1941,1038,989,2763,162,0,1
1125,411,218,819,1350,1985,1079,997,2744,193,1,1
1125,411,218,819,1350,1985,1079,997,2744,193,0,1
1125,411,218,819,1350,1985,1079,997,2744,193,0,1
51,1483,223,826,1346,1977,1087,990,3095,206,1,1
51,1483,223,826,1346,1977,1087,990,3095,206,0,1
51,1483,223,826,1346,1977,1087,990,3095,206,0,1
1103,405,227,829,1343,1976,1114,990,3399,226,1,1
1103,405,227,829,1343,1976,1114,990,3399,226,0,1
1103,405,227,829,1343,1976,1114,990,3399,226,0,1
1084,401,228,823,1336,1965,1112,984,3551,222,1,1
1084,401,228,823,1336,1965,1112,984,3551,222,0,1
1084,401,228,823,1336,1965,1112,984,3551,222,0,1
53,1477,229,838,1362,2011,2196,1006,3468,217,1,1
53,1477,229,838,1362,2011,2196,1006,3468,217,0,1
53,1477,229,838,1362,2011,2196,1006,3468,217,0,1
52,414,229,842,1362,2011,1111,673,3327,210,1,1
52,414,229,842,1362,2011,1111,673,3327,210,0,1
52,414,229,842,1362,2011,1111,673,3327,210,0,1
52,413,226,836,1356,1998,1108,1000,3193,215,1,1
52,413,226,836,1356,1998,1108,1000,3193,215,0,1
52,413,226,836,1356,1998,1108,1000,3193,215,0,1
1113,409,233,843,1371,2019,1149,1012,3635,1304,1,1
1113,409,233,843,1371,2019,1149,1012,3635,1304,0,1
1113,409,233,843,1371,2019,1149,1012,3635,1304,0,1
1108,405,235,842,2417,2002,1135,1002,3758,238,1,1
1108,405,235,842,2417,2002,1135,1002,3758,238,0,1
1108,405,235,842,2417,2002,1135,1002,3758,238,0,1
54,1480,233,842,1374,3100,1115,1006,3621,219,1,1
54,1480,233,842,1374,3100,1115,1006,3621,219,0,1
54,1480,233,842,1374,3100,1115,1006,3621,219,0,1
51,1507,225,837,1361,2000,2178,1004,3095,196,1,1
51,1507,225,837,1361,2000,2178,1004,3095,196,0,1
51,1507,225,837,1361,2000,2178,1004,3095,196,0,1
1128,413,221,827,1352,1987,1083,998,2921,1276,1,1
1128,413,221,827,1352,1987,1083,998,2921,1276,0,1
1128,413,221,827,1352,1987,1083,998,2921,1276,0,1
1128,413,221,828,1357,1994,2173,1002,2942,194,1,1
1128,413,221,828,1357,1994,2173,1002,2942,194,0,1
1128,413,221,828,1357,1994,2173,1002,2942,194,0,1
1133,414,221,830,1369,2009,1098,1007,2919,201,1,1
1133,414,221,830,1369,2009,1098,1007,2919,201,0,1
1133,414,221,830,1369,2009,1098,1007,2919,201,0,1
52,417,229,846,1390,2040,1131,1018,3268,223,1,1
52,417,229,846,1390,2040,1131,1018,3268,223,0,1
52,417,229,846,1390,2040,1131,1018,3268,223,0,1
52,418,230,848,1377,2026,1114,1014,3280,1303,1,1
52,418,230,848,1377,2026,1114,1014,3280,1303,0,1
52,418,230,848,1377,2026,1114,1014,3280,1303,0,1
1142,418,231,850,1390,2042,1129,1019,3311,221,1,1
1142,418,231,850,1390,2042,1129,1019,3311,221,0,1
1142,418,231,850,1390,2042,1129,1019,3311,221,0,1
53,1516,232,852,1394,2043,1135,1019,3385,1318,1,1
53,1516,232,852,1394,2043,1135,1019,3385,1318,0,1
53,1516,232,852,1394,2043,1135,1019,3385,1318,0,1
1141,417,236,857,1390,2041,1138,1019,3596,1318,1,1
1141,417,236,857,1390,2041,1138,1019,3596,1318,0,1
1141,417,236,857,1390,2041,1138,1019,3596,1318,0,1
1140,417,235,856,1392,2052,1143,1024,3538,230,1,1
1140,417,235,856,1392,2052,1143,1024,3538,230,0,1
1140,417,235,856,1392,2052,1143,1024,3538,230,0,1
54,1524,234,857,1393,2048,2230,1024,3430,215,1,1
54,1524,234,857,1393,2048,2230,1024,3430,215,0,1
54,1524,234,857,1393,2048,2230,1024,3430,215,0,1
53,423,233,858,1405,2065,1140,1031,3294,1331,1,1
53,423,233,858,1405,2065,1140,1031,3294,1331,0,1
53,423,233,858,1405,2065,1140,1031,3294,1331,0,1
1151,422,233,858,1383,2044,1141,2113,3347,223,1,1
1151,422,233,858,1383,2044,1141,2113,3347,223,0,1
1151,422,233,858,1383,2044,1141,2113,3347,223,0,1
1135,418,235,856,1382,2040,1143,1019,3518,231,1,1
1135,418,235,856,1382,2040,1143,1019,3518,231,0,1
1135,418,235,856,1382,2040,1143,1019,3518,231,0,1
1130,415,237,855,1379,3111,1151,1017,3668,240,1,1
1130,415,237,855,1379,3111,1151,1017,3668,240,0,1
1130,415,237,855,1379,3111,1151,1017,3668,240,0,1
55,409,239,852,1383,2039,1162,1022,3829,246,1,1
55,409,239,852,1383,2039,1162,1022,3829,246,0,1
55,409,239,852,1383,2039,1162,1022,3829,246,0,1
55,1500,238,857,1389,2045,1137,1021,3705,227,1,1
55,1500,238,857,1389,2045,1137,1021,3705,227,0,1
55,1500,238,857,1389,2045,1137,1021,3705,227,0,1
53,419,231,851,1379,3134,1114,1016,3282,210,1,1
53,419,231,851,1379,3134,1114,1016,3282,210,0,1
53,419,231,851,1379,3134,1114,1016,3282,210,0,1
1146,420,233,854,1402,3160,1136,1024,3371,224,1,1
1146,420,233,854,1402,3160,1136,1024,3371,224,0,1
1146,420,233,854,1402,3160,1136,1024,3371,224,0,1
53,420,232,854,1388,2035,2217,1016,3365,217,1,1
53,420,232,854,1388,2035,2217,1016,3365,217,0,1
53,420,232,854,1388,2035,2217,1016,3365,217,0,1
1144,418,231,850,2475,2028,1111,1015,3316,209,1,1
1144,418,231,850,2475,2028,1111,1015,3316,209,0,1
1144,418,231,850,2475,2028,1111,1015,3316,209,0,1
51,418,227,842,1370,3119,1093,1012,3074,194,1,1
51,418,227,842,1370,3119,1093,1012,3074,194,0,1
51,418,227,842,1370,3119,1093,1012,3074,194,0,1
1141,416,222,831,1368,2013,1092,1010,2867,1292,1,1
1141,416,222,831,1368,2013,1092,1010,2867,1292,0,1
1141,416,222,831,1368,2013,1092,1010,2867,1292,0,1
51,418,226,842,1360,2008,1089,1009,3069,192,1,1
51,418,226,842,1360,2008,1089,1009,3069,192,0,1
51,418,226,842,1360,2008,1089,1009,3069,192,0,1
1140,415,221,831,2467,2021,1097,1015,2837,193,1,1
1140,415,221,831,2467,2021,1097,1015,2837,193,0,1
1140,415,221,831,2467,2021,1097,1015,2837,193,0,1
1149,418,221,833,1325,1968,1051,1003,2759,1257,1,1
1149,418,221,833,1325,1968,1051,1003,2759,1257,0,1
1149,418,221,833,1325,1968,1051,1003,2759,1257,0,1
47,1514,212,812,1344,1992,1070,2112,2422,174,1,1
47,1514,212,812,1344,1992,1070,2112,2422,174,0,1
47,1514,212,812,1344,1992,1070,2112,2422,174,0,1
50,1523,223,835,1383,2038,2217,1019,2879,211,1,1
50,1523,223,835,1383,2038,2217,1019,2879,211,0,1
50,1523,223,835,1383,2038,2217,1019,2879,211,0,1
1148,420,233,856,2480,2039,1118,1019,3383,212,1,1
1148,420,233,856,2480,2039,1118,1019,3383,212,0,1
1148,420,233,856,2480,2039,1118,1019,3383,212,0,1
1146,419,231,851,1384,2045,1150,1022,3274,1313,1,1
1146,419,231,851,1384,2045,1150,1022,3274,1313,0,1
1146,419,231,851,1384,2045,1150,1022,3274,1313,0,1
56,412,241,860,1394,2057,1195,1039,3897,263,1,1
56,412,241,860,1394,2057,1195,1039,3897,263,0,1
56,412,241,860,1394,2057,1195,1039,3897,263,0,1
1178,176,244,1097,1385,2045,1173,1026,4003,248,1,1
1178,176,244,1097,1385,2045,1173,1026,4003,248,0,1
1178,176,244,1097,1385,2045,1173,1026,4003,248,0,1
1121,412,241,860,1385,2045,1161,1023,3892,243,1,1
1121,412,241,860,1385,2045,1161,1023,3892,243,0,1
1121,412,241,860,1385,2045,1161,1023,3892,243,0,1
55,1502,237,856,1383,2037,1140,1017,3647,1316,1,1
55,1502,237,856,1383,2037,1140,1017,3647,1316,0,1
55,1502,237,856,1383,2037,1140,1017,3647,1316,0,1
55,1502,237,856,1383,2037,1140,1017,3647,1316,0,1
54,597,234,432,2477,2038,1136,1017,3550,229,1,1
54,597,234,432,2477,2038,1136,1017,3550,229,0,1
54,597,234,432,2477,2038,1136,1017,3550,229,0,1
351,176,233,853,1379,2024,1111,2110,3422,209,1,1
351,176,233,853,1379,2024,1111,2110,3422,209,0,1
351,176,233,853,1379,2024,1111,2110,3422,209,0,1
50,1517,223,836,1367,3119,1090,1014,2960,188,1,1
50,1517,223,836,1367,3119,1090,1014,2960,188,0,1
50,1517,223,836,1367,3119,1090,1014,2960,188,0,1
48,418,216,824,1312,3058,1025,1007,2558,145,1,1
48,418,216,824,1312,3058,1025,1007,2558,145,0,1
48,418,216,824,1312,3058,1025,1007,2558,145,0,1
44,1514,202,789,1284,1917,998,1005,1940,130,1,1
44,1514,202,789,1284,1917,998,1005,1940,130,0,1
44,1514,202,789,1284,1917,998,1005,1940,130,0,1
44,414,207,803,1329,1971,1051,1015,2122,157,1,1
44,414,207,803,1329,1971,1051,1015,2122,157,0,1
44,414,207,803,1329,1971,1051,1015,2122,157,0,1
1146,417,214,818,1338,1977,2151,1007,2419,163,1,1
1146,417,214,818,1338,1977,2151,1007,2419,163,0,1
1146,417,214,818,1338,1977,2151,1007,2419,163,0,1
49,416,219,826,1373,2016,1091,1012,2712,1291,1,1
49,416,219,826,1373,2016,1091,1012,2712,1291,0,1
49,416,219,826,1373,2016,1091,1012,2712,1291,0,1
52,422,229,853,1387,2043,1114,1023,3246,210,1,1
52,422,229,853,1387,2043,1114,1023,3246,210,0,1
52,422,229,853,1387,2043,1114,1023,3246,210,0,1
52,1534,228,852,1376,3111,1107,1006,3191,210,1,1
52,1534,228,852,1376,3111,1107,1006,3191,210,0,1
52,1534,228,852,1376,3111,1107,1006,3191,210,0,1
54,408,232,842,1365,3066,1147,1009,3632,246,1,1
54,408,232,842,1365,3066,1147,1009,3632,246,0,1
54,408,232,842,1365,3066,1147,1009,3632,246,0,1
55,1471,236,845,2444,2024,1136,1012,3791,231,1,1
55,1471,236,845,2444,2024,1136,1012,3791,231,0,1
55,1471,236,845,2444,2024,1136,1012,3791,231,0,1
53,1511,231,850,1376,2031,1111,1015,3387,210,1,1
53,1511,231,850,1376,2031,1111,1015,3387,210,0,1
53,1511,231,850,1376,2031,1111,1015,3387,210,0,1
52,419,229,849,1374,2026,1099,1015,3181,199,1,1
52,419,229,849,1374,2026,1099,1015,3181,199,0,1
52,419,229,849,1374,2026,1099,1015,3181,199,0,1
51,418,225,838,1363,2010,1085,1011,2960,189,1,1
51,418,225,838,1363,2010,1085,1011,2960,189,0,1
51,418,225,838,1363,2010,1085,1011,2960,189,0,1
1149,417,223,835,1362,2009,1085,1010,2871,190,1,1
1149,417,223,835,1362,2009,1085,1010,2871,190,0,1
1149,417,223,835,1362,2009,1085,1010,2871,190,0,1
1147,417,224,837,2471,2016,1089,1013,2956,191,1,1
1147,417,224,837,2471,2016,1089,1013,2956,191,0,1
1147,417,224,837,2471,2016,1089,1013,2956,191,0,1
49,1523,220,828,1349,1988,1069,1004,2759,181,1,1
49,1523,220,828,1349,1988,1069,1004,2759,181,0,1
49,1523,220,828,1349,1988,1069,1004,2759,181,0,1
1142,416,223,835,1376,2019,1100,1010,2954,203,1,1
1142,416,223,835,1376,2019,1100,1010,2954,203,0,1
1142,416,223,835,1376,2019,1100,1010,2954,203,0,1
1147,419,227,846,1371,2015,1092,1011,3162,194,1,1
1147,419,227,846,1371,2015,1092,1011,3162,194,0,1
1147,419,227,846,1371,2015,1092,1011,3162,194,0,1
1144,416,219,828,1364,2006,1083,1008,2766,189,1,1
1144,416,219,828,1364,2006,1083,1008,2766,189,0,1
1144,416,219,828,1364,2006,1083,1008,2766,189,0,1
1149,419,228,849,1385,2034,2213,1013,3209,219,1,1
1149,419,228,849,1385,2034,2213,1013,3209,219,0,1
1149,419,228,849,1385,2034,2213,1013,3209,219,0,1
1135,415,232,852,1388,2029,1126,1010,3538,227,1,1
1135,415,232,852,1388,2029,1126,1010,3538,227,0,1
1135,415,232,852,1388,2029,1126,1010,3538,227,0,1
53,1502,230,844,2441,1996,1086,996,3408,203,1,1
53,1502,230,844,2441,1996,1086,996,3408,203,0,1
53,1502,230,844,2441,1996,1086,996,3408,203,0,1
51,411,223,828,1361,1999,1088,2084,3080,205,1,1
51,411,223,828,1361,1999,1088,2084,3080,205,0,1
51,411,223,828,1361,1999,1088,2084,3080,205,0,1
1134,412,228,839,1355,2001,1083,1001,3274,198,1,1
1134,412,228,839,1355,2001,1083,1001,3274,198,0,1
1134,412,228,839,1355,2001,1083,1001,3274,198,0,1
1131,408,216,814,2395,1942,1024,989,2669,157,1,1
1131,408,216,814,2395,1942,1024,989,2669,157,0,1
1131,408,216,814,2395,1942,1024,989,2669,157,0,1
1131,408,211,804,1343,1977,1057,996,2442,179,1,1
1131,408,211,804,1343,1977,1057,996,2442,179,0,1
1131,408,211,804,1343,1977,1057,996,2442,179,0,1
1138,414,225,835,1371,2011,2183,1004,3086,206,1,1
1138,414,225,835,1371,2011,2183,1004,3086,206,0,1
1138,414,225,835,1371,2011,2183,1004,3086,206,0,1
1141,415,227,839,1362,2005,1081,2100,3180,196,1,1
1141,415,227,839,1362,2005,1081,2100,3180,196,0,1
1141,415,227,839,1362,2005,1081,2100,3180,196,0,1
1138,412,222,829,1353,1998,1075,1002,2946,190,1,1
1138,412,222,829,1353,1998,1075,1002,2946,190,0,1
1138,412,222,829,1353,1998,1075,1002,2946,190,0,1
1137,413,222,831,1336,1981,1061,997,2961,178,1,1
1137,413,222,831,1336,1981,1061,997,2961,178,0,1
1137,413,222,831,1336,1981,1061,997,2961,178,0,1
48,409,213,812,1313,1952,1035,992,2543,159,1,1
48,409,213,812,1313,1952,1035,992,2543,159,0,1
48,409,213,812,1313,1952,1035,992,2543,159,0,1
1137,410,214,815,1335,1977,1055,1001,2547,170,1,1
1137,410,214,815,1335,1977,1055,1001,2547,170,0,1
1137,410,214,815,1335,1977,1055,1001,2547,170,0,1
1142,414,218,823,1351,1990,1069,1006,2683,179,1,1
1142,414,218,823,1351,1990,1069,1006,2683,179,0,1
1142,414,218,823,1351,1990,1069,1006,2683,179,0,1
49,416,221,830,1371,2012,1093,1009,2825,1293,1,1
49,416,221,830,1371,2012,1093,1009,2825,1293,0,1
49,416,221,830,1371,2012,1093,1009,2825,1293,0,1
1140,416,228,843,1389,3129,1122,1013,3229,220,1,1
1140,416,228,843,1389,3129,1122,1013,3229,220,0,1
1140,416,228,843,1389,3129,1122,1013,3229,220,0,1
53,417,231,849,1381,2025,1103,1011,3390,206,1,1
53,417,231,849,1381,2025,1103,1011,3390,206,0,1
53,417,231,849,1381,2025,1103,1011,3390,206,0,1
1141,415,221,830,1349,1986,1067,1001,2881,1274,1,1
1141,415,221,830,1349,1986,1067,1001,2881,1274,0,1
1141,415,221,830,1349,1986,1067,1001,2881,1274,0,1
49,1512,217,821,1345,1981,1063,999,2717,180,1,1
49,1512,217,821,1345,1981,1063,999,2717,180,0,1
49,1512,217,821,1345,1981,1063,999,2717,180,0,1
49,412,217,819,1338,1971,1056,995,2731,177,1,1
49,412,217,819,1338,1971,1056,995,2731,177,0,1
49,412,217,819,1338,1971,1056,995,2731,177,0,1
49,411,216,817,2425,1970,1051,996,2699,173,1,1
49,411,216,817,2425,1970,1051,996,2699,173,0,1
49,411,216,817,2425,1970,1051,996,2699,173,0,1
47,1499,211,803,1298,1925,1016,985,2436,151,1,1
47,1499,211,803,1298,1925,1016,985,2436,151,0,1
47,1499,211,803,1298,1925,1016,985,2436,151,0,1
1119,403,204,787,2366,1914,1010,980,2205,149,1,1
1119,403,204,787,2366,1914,1010,980,2205,149,0,1
1119,403,204,787,2366,1914,1010,980,2205,149,0,1
46,403,207,793,2383,1933,1028,981,2337,162,1,1
46,403,207,793,2383,1933,1028,981,2337,162,0,1
46,403,207,793,2383,1933,1028,981,2337,162,0,1
1120,406,212,806,1330,1961,1054,483,2606,180,1,1
1120,406,212,806,1330,1961,1054,483,2606,180,0,1
1120,406,212,806,1330,1961,1054,483,2606,180,0,1
1121,407,215,815,1327,3033,1054,979,2793,184,1,1
1121,407,215,815,1327,3033,1054,979,2793,184,0,1
1121,407,215,815,1327,3033,1054,979,2793,184,0,1
1110,405,217,814,1359,1991,1094,993,2936,213,1,1
1110,405,217,814,1359,1991,1094,993,2936,213,0,1
1110,405,217,814,1359,1991,1094,993,2936,213,0,1
1118,408,226,832,1348,1977,1078,985,3318,203,1,1
1118,408,226,832,1348,1977,1078,985,3318,203,0,1
1118,408,226,832,1348,1977,1078,985,3318,203,0,1
52,1486,225,834,1387,3094,1205,1046,3308,274,1,1
52,1486,225,834,1387,3094,1205,1046,3308,274,0,1
52,1486,225,834,1387,3094,1205,1046,3308,274,0,1
65,162,233,243,118,245,107,145,4329,180,1,1
65,162,233,243,118,245,107,145,4329,180,0,1
65,162,233,243,118,245,107,145,4329,180,0,1
25,81,34,12,62,356,39,114,910,97,1,1
25,81,34,12,62,356,39,114,910,97,0,1
25,81,34,12,62,356,39,114,910,97,0,1
21,15,30,12,116,62,38,57,805,20,1,1
21,15,30,12,116,62,38,57,805,20,0,1
21,15,30,12,116,62,38,57,805,20,0,1
3,5,9,28,57,72,30,53,137,11,1,1
3,5,9,28,57,72,30,53,137,11,0,1
3,5,9,28,57,72,30,53,137,11,0,1
10,4,6,47,57,71,28,56,93,9,1,1
10,4,6,47,57,71,28,56,93,9,0,1
10,4,6,47,57,71,28,56,93,9,0,1
11,16,24,29,535,800,817,581,612,362,1,1
11,16,24,29,535,800,817,581,612,362,0,1
11,16,24,29,535,800,817,581,612,362,0,1
62,278,389,1073,1408,2090,1280,557,4676,294,1,0
62,278,389,1073,1408,2090,1280,557,4676,294,0,0
62,278,389,1073,1408,2090,1280,557,4676,294,0,0
58,422,1335,886,1424,3197,1205,1053,4079,250,1,1
58,422,1335,886,1424,3197,1205,1053,4079,250,0,1
58,422,1335,886,1424,3197,1205,1053,4079,250,0,1
1147,425,247,885,1421,2095,1195,1049,3996,245,1,1
1147,425,247,885,1421,2095,1195,1049,3996,245,0,1
1147,425,247,885,1421,2095,1195,1049,3996,245,0,1
1141,423,239,870,1398,2064,1157,1031,3709,226,1,1
1141,423,239,870,1398,2064,1157,1031,3709,226,0,1
1141,423,239,870,1398,2064,1157,1031,3709,226,0,1
55,422,237,865,1397,2063,1151,1029,3586,225,1,1
55,422,237,865,1397,2063,1151,1029,3586,225,0,1
55,422,237,865,1397,2063,1151,1029,3586,225,0,1
54,422,234,861,1394,2060,1136,1027,3476,216,1,1
54,422,234,861,1394,2060,1136,1027,3476,216,0,1
54,422,234,861,1394,2060,1136,1027,3476,216,0,1
54,423,234,861,2486,2054,1134,1025,3397,212,1,1
54,423,234,861,2486,2054,1134,1025,3397,212,0,1
54,423,234,861,2486,2054,1134,1025,3397,212,0,1
1147,423,230,854,1372,2033,1101,1022,3265,187,1,1
1147,423,230,854,1372,2033,1101,1022,3265,187,0,1
1147,423,230,854,1372,2033,1101,1022,3265,187,0,1
1133,409,206,801,1155,1758,894,959,2166,88,1,1
1133,409,206,801,1155,1758,894,959,2166,88,0,1
1133,409,206,801,1155,1758,894,959,2166,88,0,1
18,325,101,573,598,1005,362,697,480,20,1,1
18,325,101,573,598,1005,362,697,480,20,0,1
18,325,101,573,598,1005,362,697,480,20,0,1
8,258,37,397,735,1260,1320,799,135,23,1,1
8,258,37,397,735,1260,1320,799,135,23,0,1
8,258,37,397,735,1260,1320,799,135,23,0,1
11,271,50,436,424,716,115,531,145,17,1,1
11,271,50,436,424,716,115,531,145,17,0,1
11,271,50,436,424,716,115,531,145,17,0,1
648,192,11,241,421,680,141,1213,125,17,1,1
648,192,11,241,421,680,141,1213,125,17,0,1
648,192,11,241,421,680,141,1213,125,17,0,1
7,1049,37,405,716,2047,485,776,174,24,1,1
7,1049,37,405,716,2047,485,776,174,24,0,1
7,1049,37,405,716,2047,485,776,174,24,0,1
20,333,1060,589,952,1535,1676,906,466,43,1,1
20,333,1060,589,952,1535,1676,906,466,43,0,1
20,333,1060,589,952,1535,1676,906,466,43,0,1
1011,340,116,610,933,1495,1657,892,473,41,1,1
1011,340,116,610,933,1495,1657,892,473,41,0,1
1011,340,116,610,933,1495,1657,892,473,41,0,1
18,327,98,575,815,1335,559,837,405,30,1,1
18,327,98,575,815,1335,559,837,405,30,0,1
18,327,98,575,815,1335,559,837,405,30,0,1
18,323,95,560,912,1468,668,883,373,41,1,1
18,323,95,560,912,1468,668,883,373,41,0,1
18,323,95,560,912,1468,668,883,373,41,0,1
1010,350,129,630,980,1551,739,906,653,50,1,1
1010,350,129,630,980,1551,739,906,653,50,0,1
1010,350,129,630,980,1551,739,906,653,50,0,1
1014,350,129,633,1172,1780,921,978,651,98,1,1
1014,350,129,633,1172,1780,921,978,651,98,0,1
1014,350,129,633,1172,1780,921,978,651,98,0,1
66,431,286,943,1200,1484,1451,714,4751,437,1,1
66,431,286,943,1200,1484,1451,714,4751,437,0,1
66,431,286,943,1200,1484,1451,714,4751,437,0,1
80,705,246,139,483,773,415,548,4257,353,1,1
80,705,246,139,483,773,415,548,4257,353,0,1
80,705,246,139,483,773,415,548,4257,353,0,1
70,70,151,31,747,1024,1195,496,3145,311,1,0
70,70,151,31,747,1024,1195,496,3145,311,0,0
70,70,151,31,747,1024,1195,496,3145,311,0,0
76,140,264,1414,1319,1927,949,591,3864,361,1,1
76,140,264,1414,1319,1927,949,591,3864,361,0,1
76,140,264,1414,1319,1927,949,591,3864,361,0,1
117,168,280,988,1326,1943,963,584,4313,356,1,1
117,168,280,988,1326,1943,963,584,4313,356,0,1
117,168,280,988,1326,1943,963,584,4313,356,0,1
119,1274,281,1016,2461,1994,998,1053,4317,350,1,1
119,1274,281,1016,2461,1994,998,1053,4317,350,0,1
119,1274,281,1016,2461,1994,998,1053,4317,350,0,1
119,1274,281,1016,2461,1994,998,1053,4317,350,0,1
118,170,721,371,1330,1946,945,2145,4482,346,1,1
118,170,721,371,1330,1946,945,2145,4482,346,0,1
118,170,721,371,1330,1946,945,2145,4482,346,0,1
1219,163,273,970,1059,1559,1566,941,4024,256,1,1
1219,163,273,970,1059,1559,1566,941,4024,256,0,1
1219,163,273,970,1059,1559,1566,941,4024,256,0,1
61,44,112,385,245,441,29,294,1363,24,1,1
61,44,112,385,245,441,29,294,1363,24,0,1
61,44,112,385,245,441,29,294,1363,24,0,1
16,65,18,9,158,202,26,123,250,12,1,1
16,65,18,9,158,202,26,123,250,12,0,1
16,65,18,9,158,202,26,123,250,12,0,1
3,35,7,81,329,70,25,22,95,21,1,1
3,35,7,81,329,70,25,22,95,21,0,1
3,35,7,81,329,70,25,22,95,21,0,1
5,4,6,57,60,50,26,39,91,10,1,1
5,4,6,57,60,50,26,39,91,10,0,1
5,4,6,57,60,50,26,39,91,10,0,1
2,12,10,8,43,46,26,38,108,118,1,1
2,12,10,8,43,46,26,38,108,118,0,1
2,12,10,8,43,46,26,38,108,118,0,1
5,4,26,9,41,45,26,19,90,9,1,1
5,4,26,9,41,45,26,19,90,9,0,1
5,4,26,9,41,45,26,19,90,9,0,1
13,4,6,21,43,46,132,38,90,9,1,1
13,4,6,21,43,46,132,38,90,9,0,1
13,4,6,21,43,46,132,38,90,9,0,1
2,6,108,21,43,46,27,38,90,14,1,1
2,6,108,21,43,46,27,38,90,14,0,1
2,6,108,21,43,46,27,38,90,14,0,1
2,8,17,103,144,45,26,19,97,10,1,1
2,8,17,103,144,45,26,19,97,10,0,1
2,8,17,103,144,45,26,19,97,10,0,1
2,15,6,8,45,49,26,39,90,10,1,1
2,15,6,8,45,49,26,39,90,10,0,1
2,15,6,8,45,49,26,39,90,10,0,1
5,4,6,27,343,68,26,45,91,11,1,1
5,4,6,27,343,68,26,45,91,11,0,1
5,4,6,27,343,68,26,45,91,11,0,1
486,6,94,131,178,714,26,160,182,13,1,1
486,6,94,131,178,714,26,160,182,13,0,1
486,6,94,131,178,714,26,160,182,13,0,1
4,28,6,79,69,57,26,22,98,11,1,1
4,28,6,79,69,57,26,22,98,11,0,1
4,28,6,79,69,57,26,22,98,11,0,1
2,4,27,8,35,48,27,41,103,113,1,1
2,4,27,8,35,48,27,41,103,113,0,1
2,4,27,8,35,48,27,41,103,113,0,1
140,15,6,8,52,49,26,21,96,10,1,1
140,15,6,8,52,49,26,21,96,10,0,1
140,15,6,8,52,49,26,21,96,10,0,1
202,13,6,8,65,54,26,41,95,11,1,1
202,13,6,8,65,54,26,41,95,11,0,1
202,13,6,8,65,54,26,41,95,11,0,1
2,4,179,8,57,53,26,41,95,11,1,1
2,4,179,8,57,53,26,41,95,11,0,1
2,4,179,8,57,53,26,41,95,11,0,1
3,4,251,15,78,84,26,43,98,12,1,1
3,4,251,15,78,84,26,43,98,12,0,1
3,4,251,15,78,84,26,43,98,12,0,1
4,258,60,8,77,144,27,54,115,14,1,1
4,258,60,8,77,144,27,54,115,14,0,1
4,258,60,8,77,144,27,54,115,14,0,1
286,5,125,10,649,955,694,500,846,304,1,1
286,5,125,10,649,955,694,500,846,304,0,1
286,5,125,10,649,955,694,500,846,304,0,1
80,137,237,826,1101,1642,1113,527,5169,313,1,1
80,137,237,826,1101,1642,1113,527,5169,313,0,1
80,137,237,826,1101,1642,1113,527,5169,313,0,1
58,303,241,387,1285,2911,1160,993,4346,279,1,1
58,303,241,387,1285,2911,1160,993,4346,279,0,1
58,303,241,387,1285,2911,1160,993,4346,279,0,1
57,163,641,409,1328,2010,1164,1005,4244,268,1,1
57,163,641,409,1328,2010,1164,1005,4244,268,0,1
57,163,641,409,1328,2010,1164,1005,4244,268,0,1
106,1206,239,1052,1344,1982,2186,509,4023,257,1,1
106,1206,239,1052,1344,1982,2186,509,4023,257,0,1
106,1206,239,1052,1344,1982,2186,509,4023,257,0,1
1122,167,235,1034,1304,2918,1128,500,3910,255,1,1
1122,167,235,1034,1304,2918,1128,500,3910,255,0,1
1122,167,235,1034,1304,2918,1128,500,3910,255,0,1
56,326,1223,399,2338,1927,1095,491,4018,232,1,1
56,326,1223,399,2338,1927,1095,491,4018,232,0,1
56,326,1223,399,2338,1927,1095,491,4018,232,0,1
333,168,223,406,1324,1948,1070,971,3925,217,1,1
333,168,223,406,1324,1948,1070,971,3925,217,0,1
333,168,223,406,1324,1948,1070,971,3925,217,0,1
1105,399,222,817,1306,1918,1182,1007,3264,280,1,1
1105,399,222,817,1306,1918,1182,1007,3264,280,0,1
1105,399,222,817,1306,1918,1182,1007,3264,280,0,1
65,206,256,299,1560,2262,1318,566,5471,308,1,1
65,206,256,299,1560,2262,1318,566,5471,308,0,1
65,206,256,299,1560,2262,1318,566,5471,308,0,1
99,1197,188,356,854,1285,850,719,3172,695,1,1
99,1197,188,356,854,1285,850,719,3172,695,0,1
99,1197,188,356,854,1285,850,719,3172,695,0,1
64,82,124,295,546,770,627,467,2834,135,1,1
64,82,124,295,546,770,627,467,2834,135,0,1
64,82,124,295,546,770,627,467,2834,135,0,1
152,54,198,148,325,685,415,337,1721,108,1,1
152,54,198,148,325,685,415,337,1721,108,0,1
152,54,198,148,325,685,415,337,1721,108,0,1
34,36,131,106,306,466,364,144,1165,97,1,1
34,36,131,106,306,466,364,144,1165,97,0,1
34,36,131,106,306,466,364,144,1165,97,0,1
79,67,66,300,417,620,398,453,1092,93,1,1
79,67,66,300,417,620,398,453,1092,93,0,1
79,67,66,300,417,620,398,453,1092,93,0,1
21,139,78,278,854,692,385,203,1163,88,1,1
21,139,78,278,854,692,385,203,1163,88,0,1
21,139,78,278,854,692,385,203,1163,88,0,1
22,63,170,215,555,815,431,208,1339,92,1,1
22,63,170,215,555,815,431,208,1339,92,0,1
22,63,170,215,555,815,431,208,1339,92,0,1
20,235,83,151,217,357,36,256,709,11,1,1
20,235,83,151,217,357,36,256,709,11,0,1
20,235,83,151,217,357,36,256,709,11,0,1
14,379,28,10,304,366,164,278,348,351,1,1
14,379,28,10,304,366,164,278,348,351,0,1
14,379,28,10,304,366,164,278,348,351,0,1
17,162,63,84,378,541,294,452,888,69,1,1
17,162,63,84,378,541,294,452,888,69,0,1
17,162,63,84,378,541,294,452,888,69,0,1
17,103,65,230,219,310,398,216,1045,42,1,1
17,103,65,230,219,310,398,216,1045,42,0,1
17,103,65,230,219,310,398,216,1045,42,0,1
4,4,34,24,90,74,47,51,65,11,1,1
4,4,34,24,90,74,47,51,65,11,0,1
4,4,34,24,90,74,47,51,65,11,0,1
4,300,12,30,953,1442,761,1969,207,44,1,1
4,300,12,30,953,1442,761,1969,207,44,0,1
4,300,12,30,953,1442,761,1969,207,44,0,1
39,1607,187,779,1161,1796,894,1017,1393,82,1,1
39,1607,187,779,1161,1796,894,1017,1393,82,0,1
39,1607,187,779,1161,1796,894,1017,1393,82,0,1
1172,416,201,802,1391,2049,2250,1026,1957,217,1,1
1172,416,201,802,1391,2049,2250,1026,1957,217,0,1
1172,416,201,802,1391,2049,2250,1026,1957,217,0,1
58,395,246,846,1273,2854,1169,529,4122,299,1,1
58,395,246,846,1273,2854,1169,529,4122,299,0,1
58,395,246,846,1273,2854,1169,529,4122,299,0,1
62,267,247,343,1022,1512,1487,1277,5315,329,1,1
62,267,247,343,1022,1512,1487,1277,5315,329,0,1
62,267,247,343,1022,1512,1487,1277,5315,329,0,1
60,249,239,668,1373,1956,1152,973,4394,1181,1,0
60,249,239,668,1373,1956,1152,973,4394,1181,0,0
60,249,239,668,1373,1956,1152,973,4394,1181,0,0
246,154,1155,386,1309,1878,1160,986,4799,1230,1,1
246,154,1155,386,1309,1878,1160,986,4799,1230,0,1
246,154,1155,386,1309,1878,1160,986,4799,1230,0,1
225,392,240,1854,1337,1959,1124,492,4018,1253,1,1
225,392,240,1854,1337,1959,1124,492,4018,1253,0,1
225,392,240,1854,1337,1959,1124,492,4018,1253,0,1
49,1414,220,798,1284,1890,1058,963,3168,195,1,1
49,1414,220,798,1284,1890,1058,963,3168,195,0,1
49,1414,220,798,1284,1890,1058,963,3168,195,0,1
45,1360,200,751,2170,1775,958,937,2536,135,1,1
45,1360,200,751,2170,1775,958,937,2536,135,0,1
45,1360,200,751,2170,1775,958,937,2536,135,0,1
1040,390,197,752,2333,1911,1063,979,2222,183,1,1
1040,390,197,752,2333,1911,1063,979,2222,183,0,1
1040,390,197,752,2333,1911,1063,979,2222,183,0,1
47,1459,212,801,1313,1944,1076,984,2726,191,1,1
47,1459,212,801,1313,1944,1076,984,2726,191,0,1
47,1459,212,801,1313,1944,1076,984,2726,191,0,1
48,1462,216,804,2344,1925,1058,982,2862,189,1,1
48,1462,216,804,2344,1925,1058,982,2862,189,0,1
48,1462,216,804,2344,1925,1058,982,2862,189,0,1
1081,405,220,807,1316,1937,1075,984,3119,201,1,1
1081,405,220,807,1316,1937,1075,984,3119,201,0,1
1081,405,220,807,1316,1937,1075,984,3119,201,0,1
50,1449,219,806,1345,1976,1091,1006,3048,1259,1,1
50,1449,219,806,1345,1976,1091,1006,3048,1259,0,1
50,1449,219,806,1345,1976,1091,1006,3048,1259,0,1
64,377,259,825,688,1067,1141,752,5417,380,1,1
64,377,259,825,688,1067,1141,752,5417,380,0,1
64,377,259,825,688,1067,1141,752,5417,380,0,1
16,30,55,79,44,60,58,57,1525,21,1,1
16,30,55,79,44,60,58,57,1525,21,0,1
16,30,55,79,44,60,58,57,1525,21,0,1
2,12,7,11,46,136,29,39,102,10,1,1
2,12,7,11,46,136,29,39,102,10,0,1
2,12,7,11,46,136,29,39,102,10,0,1
97,14,5,9,53,45,129,18,86,8,1,1
97,14,5,9,53,45,129,18,86,8,0,1
97,14,5,9,53,45,129,18,86,8,0,1
17,3,5,32,178,68,24,38,83,8,1,1
17,3,5,32,178,68,24,38,83,8,0,1
17,3,5,32,178,68,24,38,83,8,0,1
2,132,15,8,193,90,24,27,84,8,1,1
2,132,15,8,193,90,24,27,84,8,0,1
2,132,15,8,193,90,24,27,84,8,0,1
6,3,5,42,64,93,24,30,85,8,1,1
6,3,5,42,64,93,24,30,85,8,0,1
6,3,5,42,64,93,24,30,85,8,0,1
3,3,173,8,211,107,24,54,85,8,1,1
3,3,173,8,211,107,24,54,85,8,0,1
3,3,173,8,211,107,24,54,85,8,0,1
5,173,6,49,75,122,24,99,87,8,1,1
5,173,6,49,75,122,24,99,87,8,0,1
5,173,6,49,75,122,24,99,87,8,0,1
165,19,7,8,79,137,24,106,97,8,1,1
165,19,7,8,79,137,24,106,97,8,0,1
165,19,7,8,79,137,24,106,97,8,0,1
4,17,6,8,58,52,24,36,87,8,1,1
4,17,6,8,58,52,24,36,87,8,0,1
4,17,6,8,58,52,24,36,87,8,0,1
3,8,44,10,375,653,613,403,157,272,1,1
3,8,44,10,375,653,613,403,157,272,0,1
3,8,44,10,375,653,613,403,157,272,0,1
52,242,212,324,1140,1701,1121,1296,3910,277,1,1
52,242,212,324,1140,1701,1121,1296,3910,277,0,1
52,242,212,324,1140,1701,1121,1296,3910,277,0,1
55,332,230,381,975,1469,1099,1519,4471,320,1,1
55,332,230,381,975,1469,1099,1519,4471,320,0,1
55,332,230,381,975,1469,1099,1519,4471,320,0,1
179,45,170,204,352,507,523,387,3347,343,1,1
179,45,170,204,352,507,523,387,3347,343,0,1
179,45,170,204,352,507,523,387,3347,343,0,1
38,21,88,20,128,116,33,59,1747,31,1,1
38,21,88,20,128,116,33,59,1747,31,0,1
38,21,88,20,128,116,33,59,1747,31,0,1
49,8,45,356,223,443,512,264,876,48,1,1
49,8,45,356,223,443,512,264,876,48,0,1
49,8,45,356,223,443,512,264,876,48,0,1
452,10,29,183,117,182,27,403,444,12,1,1
452,10,29,183,117,182,27,403,444,12,0,1
452,10,29,183,117,182,27,403,444,12,0,1
24,7,6,8,74,76,26,43,173,11,1,1
24,7,6,8,74,76,26,43,173,11,0,1
24,7,6,8,74,76,26,43,173,11,0,1
2,9,6,8,160,49,27,20,95,10,1,1
2,9,6,8,160,49,27,20,95,10,0,1
2,9,6,8,160,49,27,20,95,10,0,1
7,3,6,32,38,136,27,39,91,10,1,1
7,3,6,32,38,136,27,39,91,10,0,1
7,3,6,32,38,136,27,39,91,10,0,1
2,17,6,9,136,53,27,39,91,10,1,1
2,17,6,9,136,53,27,39,91,10,0,1
2,17,6,9,136,53,27,39,91,10,0,1
2,14,6,9,47,57,139,40,92,10,1,1
2,14,6,9,47,57,139,40,92,10,0,1
2,14,6,9,47,57,139,40,92,10,0,1
2,14,6,9,47,57,139,40,92,10,0,1
13,8,116,9,149,55,27,40,122,10,1,1
13,8,116,9,149,55,27,40,122,10,0,1
13,8,116,9,149,55,27,40,122,10,0,1
17,4,6,106,32,51,70,42,119,13,1,1
17,4,6,106,32,51,70,42,119,13,0,1
17,4,6,106,32,51,70,42,119,13,0,1
32,15,66,12,225,354,280,242,1328,263,1,1
32,15,66,12,225,354,280,242,1328,263,0,1
32,15,66,12,225,354,280,242,1328,263,0,1
46,35,109,23,185,297,252,189,2126,252,1,1
46,35,109,23,185,297,252,189,2126,252,0,1
46,35,109,23,185,297,252,189,2126,252,0,1
44,22,101,20,170,234,206,194,2070,250,1,1
44,22,101,20,170,234,206,194,2070,250,0,1
44,22,101,20,170,234,206,194,2070,250,0,1
43,25,114,29,305,420,467,320,2249,295,1,1
43,25,114,29,305,420,467,320,2249,295,0,1
43,25,114,29,305,420,467,320,2249,295,0,1
54,53,164,85,769,757,739,573,3081,326,1,1
54,53,164,85,769,757,739,573,3081,326,0,1
54,53,164,85,769,757,739,573,3081,326,0,1
61,707,222,239,913,1371,1066,889,4161,976,1,1
61,707,222,239,913,1371,1066,889,4161,976,0,1
61,707,222,239,913,1371,1066,889,4161,976,0,1
79,132,248,336,1935,1772,1155,545,5694,337,1,1
79,132,248,336,1935,1772,1155,545,5694,337,0,1
79,132,248,336,1935,1772,1155,545,5694,337,0,1
173,154,250,685,979,1461,1088,651,4609,338,1,1
173,154,250,685,979,1461,1088,651,4609,338,0,1
173,154,250,685,979,1461,1088,651,4609,338,0,1
61,119,236,300,877,1330,1041,514,5044,331,1,1
61,119,236,300,877,1330,1041,514,5044,331,0,1
61,119,236,300,877,1330,1041,514,5044,331,0,1
61,182,335,869,874,1330,1043,867,4627,331,1,1
61,182,335,869,874,1330,1043,867,4627,331,0,1
61,182,335,869,874,1330,1043,867,4627,331,0,1
61,179,231,286,806,1224,998,825,4322,331,1,1
61,179,231,286,806,1224,998,825,4322,331,0,1
61,179,231,286,806,1224,998,825,4322,331,0,1
60,172,228,281,860,1331,1039,857,4259,329,1,1
60,172,228,281,860,1331,1039,857,4259,329,0,1
60,172,228,281,860,1331,1039,857,4259,329,0,1
60,128,1229,328,979,1498,1103,646,4392,325,1,1
60,128,1229,328,979,1498,1103,646,4392,325,0,1
60,128,1229,328,979,1498,1103,646,4392,325,0,1
170,129,894,323,928,1428,1073,1537,4824,328,1,1
170,129,894,323,928,1428,1073,1537,4824,328,0,1
170,129,894,323,928,1428,1073,1537,4824,328,0,1
79,133,239,766,1010,1555,1110,946,4417,322,1,1
79,133,239,766,1010,1555,1110,946,4417,322,0,1
79,133,239,766,1010,1555,1110,946,4417,322,0,1
60,245,239,342,1073,1597,1131,964,4423,320,1,1
60,245,239,342,1073,1597,1131,964,4423,320,0,1
60,245,239,342,1073,1597,1131,964,4423,320,0,1
215,921,243,486,1064,1615,1140,535,4823,321,1,1
215,921,243,486,1064,1615,1140,535,4823,321,0,1
215,921,243,486,1064,1615,1140,535,4823,321,0,1
61,864,574,344,1054,1621,1137,969,4471,323,1,1
61,864,574,344,1054,1621,1137,969,4471,323,0,1
61,864,574,344,1054,1621,1137,969,4471,323,0,1
881,146,603,370,1189,1789,2053,538,4516,311,1,1
881,146,603,370,1189,1789,2053,538,4516,311,0,1
881,146,603,370,1189,1789,2053,538,4516,311,0,1
932,307,246,748,2015,1767,1172,1003,4476,309,1,1
932,307,246,748,2015,1767,1172,1003,4476,309,0,1
932,307,246,748,2015,1767,1172,1003,4476,309,0,1
90,147,245,892,1194,1803,2043,1006,4478,302,1,1
90,147,245,892,1194,1803,2043,1006,4478,302,0,1
90,147,245,892,1194,1803,2043,1006,4478,302,0,1
60,308,245,748,1101,1695,1155,983,4467,308,1,1
60,308,245,748,1101,1695,1155,983,4467,308,0,1
60,308,245,748,1101,1695,1155,983,4467,308,0,1
145,139,231,318,223,262,409,165,5225,216,1,1
145,139,231,318,223,262,409,165,5225,216,0,1
145,139,231,318,223,262,409,165,5225,216,0,1
2,11,6,10,53,158,24,35,99,8,1,1
2,11,6,10,53,158,24,35,99,8,0,1
2,11,6,10,53,158,24,35,99,8,0,1
2,3,13,8,58,66,148,18,85,8,1,1
2,3,13,8,58,66,148,18,85,8,0,1
2,3,13,8,58,66,148,18,85,8,0,1
122,14,5,37,181,59,24,24,86,8,1,1
122,14,5,37,181,59,24,24,86,8,0,1
122,14,5,37,181,59,24,24,86,8,0,1
2,5,89,23,36,49,38,28,85,20,1,1
2,5,89,23,36,49,38,28,85,20,0,1
2,5,89,23,36,49,38,28,85,20,0,1
9,13,28,16,131,68,250,74,1054,223,1,1
9,13,28,16,131,68,250,74,1054,223,0,1
9,13,28,16,131,68,250,74,1054,223,0,1
28,35,91,75,288,404,562,305,1909,219,1,1
28,35,91,75,288,404,562,305,1909,219,0,1
28,35,91,75,288,404,562,305,1909,219,0,1
34,55,119,127,369,500,636,394,2306,233,1,1
34,55,119,127,369,500,636,394,2306,233,0,1
34,55,119,127,369,500,636,394,2306,233,0,1
38,100,139,158,377,603,712,464,2676,297,1,1
38,100,139,158,377,603,712,464,2676,297,0,1
38,100,139,158,377,603,712,464,2676,297,0,1
42,80,154,178,453,786,791,571,2916,259,1,1
42,80,154,178,453,786,791,571,2916,259,0,1
42,80,154,178,453,786,791,571,2916,259,0,1
44,150,165,204,488,842,812,729,3104,262,1,1
44,150,165,204,488,842,812,729,3104,262,0,1
44,150,165,204,488,842,812,729,3104,262,0,1
221,120,239,226,600,1038,882,691,3434,258,1,1
221,120,239,226,600,1038,882,691,3434,258,0,1
221,120,239,226,600,1038,882,691,3434,258,0,1
46,538,181,255,695,1170,925,744,3394,257,1,1
46,538,181,255,695,1170,925,744,3394,257,0,1
46,538,181,255,695,1170,925,744,3394,257,0,1
446,281,188,276,831,1326,967,796,3507,253,1,1
446,281,188,276,831,1326,967,796,3507,253,0,1
446,281,188,276,831,1326,967,796,3507,253,0,1
75,235,472,311,973,1491,1676,841,3736,253,1,1
75,235,472,311,973,1491,1676,841,3736,253,0,1
75,235,472,311,973,1491,1676,841,3736,253,0,1
728,125,204,745,1387,1363,985,437,3788,263,1,1
728,125,204,745,1387,1363,985,437,3788,263,0,1
728,125,204,745,1387,1363,985,437,3788,263,0,1
48,204,196,291,847,1353,1509,802,3653,259,1,1
48,204,196,291,847,1353,1509,802,3653,259,0,1
48,204,196,291,847,1353,1509,802,3653,259,0,1
49,178,287,691,258,265,367,215,3884,207,1,1
49,178,287,691,258,265,367,215,3884,207,0,1
49,178,287,691,258,265,367,215,3884,207,0,1
2,11,64,9,57,57,28,34,105,7,1,1
2,11,64,9,57,57,28,34,105,7,0,1
2,11,64,9,57,57,28,34,105,7,0,1
143,3,5,59,75,94,24,63,83,8,1,1
143,3,5,59,75,94,24,63,83,8,0,1
143,3,5,59,75,94,24,63,83,8,0,1
4,25,6,8,69,102,25,65,87,8,1,1
4,25,6,8,69,102,25,65,87,8,0,1
4,25,6,8,69,102,25,65,87,8,0,1
3,24,17,8,74,110,25,83,128,8,1,1
3,24,17,8,74,110,25,83,128,8,0,1
3,24,17,8,74,110,25,83,128,8,0,1
4,4,5,8,72,105,25,36,88,8,1,1
4,4,5,8,72,105,25,36,88,8,0,1
4,4,5,8,72,105,25,36,88,8,0,1
3,35,5,8,72,92,25,55,87,8,1,1
3,35,5,8,72,92,25,55,87,8,0,1
3,35,5,8,72,92,25,55,87,8,0,1
2,30,5,8,60,59,25,37,86,8,1,1
2,30,5,8,60,59,25,37,86,8,0,1
2,30,5,8,60,59,25,37,86,8,0,1
140,6,5,38,61,62,25,18,85,8,1,1
140,6,5,38,61,62,25,18,85,8,0,1
140,6,5,38,61,62,25,18,85,8,0,1
19,7,128,8,59,53,144,18,125,8,1,1
19,7,128,8,59,53,144,18,125,8,0,1
19,7,128,8,59,53,144,18,125,8,0,1
18,7,125,8,60,54,25,18,123,8,1,1
18,7,125,8,60,54,25,18,123,8,0,1
18,7,125,8,60,54,25,18,123,8,0,1
130,3,5,55,63,64,25,18,86,9,1,1
130,3,5,55,63,64,25,18,86,9,0,1
130,3,5,55,63,64,25,18,86,9,0,1
2,21,5,40,66,73,25,47,86,9,1,1
2,21,5,40,66,73,25,47,86,9,0,1
2,21,5,40,66,73,25,47,86,9,0,1
2,34,5,8,68,83,25,52,85,9,1,1
2,34,5,8,68,83,25,52,85,9,0,1
2,34,5,8,68,83,25,52,85,9,0,1
2,23,15,8,72,76,25,50,120,9,1,1
2,23,15,8,72,76,25,50,120,9,0,1
2,23,15,8,72,76,25,50,120,9,0,1
2,23,16,8,66,205,25,48,256,11,1,1
2,23,16,8,66,205,25,48,256,11,0,1
2,23,16,8,66,205,25,48,256,11,0,1
2,32,5,8,65,69,25,46,86,9,1,1
2,32,5,8,65,69,25,46,86,9,0,1
2,32,5,8,65,69,25,46,86,9,0,1
2,23,15,8,204,74,25,51,253,9,1,1
2,23,15,8,204,74,25,51,253,9,0,1
2,23,15,8,204,74,25,51,253,9,0,1
2,24,5,8,74,74,25,53,86,9,1,1
2,24,5,8,74,74,25,53,86,9,0,1
2,24,5,8,74,74,25,53,86,9,0,1
2,4,25,8,73,71,25,51,222,9,1,1
2,4,25,8,73,71,25,51,222,9,0,1
2,4,25,8,73,71,25,51,222,9,0,1
2,24,5,8,71,63,25,45,85,9,1,1
2,24,5,8,71,63,25,45,85,9,0,1
2,24,5,8,71,63,25,45,85,9,0,1
2,3,14,8,65,60,155,44,247,9,1,1
2,3,14,8,65,60,155,44,247,9,0,1
2,3,14,8,65,60,155,44,247,9,0,1
2,32,5,8,63,56,25,42,85,9,1,1
2,32,5,8,63,56,25,42,85,9,0,1
2,32,5,8,63,56,25,42,85,9,0,1
2,31,5,8,194,58,25,44,85,9,1,1
2,31,5,8,194,58,25,44,85,9,0,1
2,31,5,8,194,58,25,44,85,9,0,1
2,23,5,8,72,65,25,47,85,8,1,1
2,23,5,8,72,65,25,47,85,8,0,1
2,23,5,8,72,65,25,47,85,8,0,1
2,22,5,8,198,57,25,42,85,10,1,1
2,22,5,8,198,57,25,42,85,10,0,1
2,22,5,8,198,57,25,42,85,10,0,1
2,22,5,8,63,55,25,170,85,8,1,1
2,22,5,8,63,55,25,170,85,8,0,1
2,22,5,8,63,55,25,170,85,8,0,1
2,31,5,8,63,53,151,40,85,8,1,1
2,31,5,8,63,53,151,40,85,8,0,1
2,31,5,8,63,53,151,40,85,8,0,1
2,22,5,8,62,52,25,163,85,8,1,1
2,22,5,8,62,52,25,163,85,8,0,1
2,22,5,8,62,52,25,163,85,8,0,1
2,21,5,8,60,49,25,159,208,8,1,1
2,21,5,8,60,49,25,159,208,8,0,1
2,21,5,8,60,49,25,159,208,8,0,1
2,121,5,50,41,44,25,17,86,8,1,1
2,121,5,50,41,44,25,17,86,8,0,1
2,121,5,50,41,44,25,17,86,8,0,1
3,4,15,46,151,175,251,120,131,197,1,1
3,4,15,46,151,175,251,120,131,197,0,1
3,4,15,46,151,175,251,120,131,197,0,1
44,135,160,171,631,1034,855,683,3033,592,1,1
44,135,160,171,631,1034,855,683,3033,592,0,1
44,135,160,171,631,1034,855,683,3033,592,0,1
549,309,185,283,948,1436,973,811,3439,246,1,1
549,309,185,283,948,1436,973,811,3439,246,0,1
549,309,185,283,948,1436,973,811,3439,246,0,1
49,122,490,955,1663,1487,1023,847,3874,261,1,1
49,122,490,955,1663,1487,1023,847,3874,261,0,1
49,122,490,955,1663,1487,1023,847,3874,261,0,1
50,131,1044,336,1047,1608,1049,871,3815,259,1,1
50,131,1044,336,1047,1608,1049,871,3815,259,0,1
50,131,1044,336,1047,1608,1049,871,3815,259,0,1
820,134,212,813,970,1513,1058,1124,3896,278,1,1
820,134,212,813,970,1513,1058,1124,3896,278,0,1
820,134,212,813,970,1513,1058,1124,3896,278,0,1
145,768,488,309,1341,1360,1022,842,3953,283,1,1
145,768,488,309,1341,1360,1022,842,3953,283,0,1
145,768,488,309,1341,1360,1022,842,3953,283,0,1
145,768,488,309,1341,1360,1022,842,3953,283,0,1
167,656,212,311,949,1500,1067,888,4333,284,1,1
167,656,212,311,949,1500,1067,888,4333,284,0,1
167,656,212,311,949,1500,1067,888,4333,284,0,1
54,393,220,1041,1021,1585,1787,910,4087,282,1,1
54,393,220,1041,1021,1585,1787,910,4087,282,0,1
54,393,220,1041,1021,1585,1787,910,4087,282,0,1
54,130,1192,337,955,1531,1060,882,4180,280,1,1
54,130,1192,337,955,1531,1060,882,4180,280,0,1
54,130,1192,337,955,1531,1060,882,4180,280,0,1
53,125,507,325,990,1542,1065,474,4726,278,1,1
53,125,507,325,990,1542,1065,474,4726,278,0,1
53,125,507,325,990,1542,1065,474,4726,278,0,1
84,135,955,812,1092,1656,1097,483,4064,275,1,1
84,135,955,812,1092,1656,1097,483,4064,275,0,1
84,135,955,812,1092,1656,1097,483,4064,275,0,1
847,138,220,835,1817,1627,1086,480,4057,274,1,1
847,138,220,835,1817,1627,1086,480,4057,274,0,1
847,138,220,835,1817,1627,1086,480,4057,274,0,1
87,140,222,692,1120,1677,1098,935,4066,1069,1,1
87,140,222,692,1120,1677,1098,935,4066,1069,0,1
87,140,222,692,1120,1677,1098,935,4066,1069,0,1
860,306,224,708,1134,1695,1915,945,4079,277,1,1
860,306,224,708,1134,1695,1915,945,4079,277,0,1
860,306,224,708,1134,1695,1915,945,4079,277,0,1
862,306,225,711,1133,1692,1107,944,4114,1090,1,1
862,306,225,711,1133,1692,1107,944,4114,1090,0,1
862,306,225,711,1133,1692,1107,944,4114,1090,0,1
55,306,225,710,1979,1714,1110,949,4113,276,1,1
55,306,225,710,1979,1714,1110,949,4113,276,0,1
55,306,225,710,1979,1714,1110,949,4113,276,0,1
55,1149,225,720,1153,1714,1106,944,4093,272,1,1
55,1149,225,720,1153,1714,1106,944,4093,272,0,1
55,1149,225,720,1153,1714,1106,944,4093,272,0,1
888,146,224,372,1177,1736,1102,942,4586,267,1,1
888,146,224,372,1177,1736,1102,942,4586,267,0,1
888,146,224,372,1177,1736,1102,942,4586,267,0,1
270,149,1077,376,1197,1757,1103,945,4562,265,1,1
270,149,1077,376,1197,1757,1103,945,4562,265,0,1
270,149,1077,376,1197,1757,1103,945,4562,265,0,1
54,479,224,378,1228,1746,1101,942,4025,265,1,1
54,479,224,378,1228,1746,1101,942,4025,265,0,1
54,479,224,378,1228,1746,1101,942,4025,265,0,1
953,149,224,917,1202,1763,1106,948,4024,1135,1,1
953,149,224,917,1202,1763,1106,948,4024,1135,0,1
953,149,224,917,1202,1763,1106,948,4024,1135,0,1
948,498,227,388,1263,1889,1128,972,4040,264,1,1
948,498,227,388,1263,1889,1128,972,4040,264,0,1
948,498,227,388,1263,1889,1128,972,4040,264,0,1
55,162,618,405,1320,1971,1141,991,5125,258,1,1
55,162,618,405,1320,1971,1141,991,5125,258,0,1
55,162,618,405,1320,1971,1141,991,5125,258,0,1
1071,394,233,420,1372,1990,2180,505,3919,242,1,1
1071,394,233,420,1372,1990,2180,505,3919,242,0,1
1071,394,233,420,1372,1990,2180,505,3919,242,0,1
1114,409,235,845,1395,2023,1140,2102,3771,242,1,1
1114,409,235,845,1395,2023,1140,2102,3771,242,0,1
1114,409,235,845,1395,2023,1140,2102,3771,242,0,1
55,1494,234,847,1387,2017,1120,1020,3648,229,1,1
55,1494,234,847,1387,2017,1120,1020,3648,229,0,1
55,1494,234,847,1387,2017,1120,1020,3648,229,0,1
1126,414,231,845,1382,2016,2195,1017,3546,226,1,1
1126,414,231,845,1382,2016,2195,1017,3546,226,0,1
1126,414,231,845,1382,2016,2195,1017,3546,226,0,1
1125,414,230,844,1382,2012,1115,1016,3495,226,1,1
1125,414,230,844,1382,2012,1115,1016,3495,226,0,1
1125,414,230,844,1382,2012,1115,1016,3495,226,0,1
1121,412,232,842,1376,1998,1114,1011,3579,229,1,1
1121,412,232,842,1376,1998,1114,1011,3579,229,0,1
1121,412,232,842,1376,1998,1114,1011,3579,229,0,1
53,1473,228,832,2418,1979,1095,1001,3495,220,1,1
53,1473,228,832,2418,1979,1095,1001,3495,220,0,1
53,1473,228,832,2418,1979,1095,1001,3495,220,0,1
51,1465,222,820,1349,1966,1081,2052,3227,210,1,1
51,1465,222,820,1349,1966,1081,2052,3227,210,0,1
51,1465,222,820,1349,1966,1081,2052,3227,210,0,1
52,407,224,825,2416,1981,1100,1000,3328,222,1,1
52,407,224,825,2416,1981,1100,1000,3328,222,0,1
52,407,224,825,2416,1981,1100,1000,3328,222,0,1
53,408,227,831,2413,1976,1089,997,3435,213,1,1
53,408,227,831,2413,1976,1089,997,3435,213,0,1
53,408,227,831,2413,1976,1089,997,3435,213,0,1
51,407,222,823,2396,1961,1074,989,3196,203,1,1
51,407,222,823,2396,1961,1074,989,3196,203,0,1
51,407,222,823,2396,1961,1074,989,3196,203,0,1
51,406,221,819,1341,1961,1077,988,3167,206,1,1
51,406,221,819,1341,1961,1077,988,3167,206,0,1
51,406,221,819,1341,1961,1077,988,3167,206,0,1
51,1464,221,819,1335,1952,1071,984,3186,210,1,1
51,1464,221,819,1335,1952,1071,984,3186,210,0,1
51,1464,221,819,1335,1952,1071,984,3186,210,0,1
51,404,221,818,1344,1959,1088,986,3254,217,1,1
51,404,221,818,1344,1959,1088,986,3254,217,0,1
51,404,221,818,1344,1959,1088,986,3254,217,0,1
52,1456,224,823,1340,1956,2128,986,3408,209,1,1
52,1456,224,823,1340,1956,2128,986,3408,209,0,1
52,1456,224,823,1340,1956,2128,986,3408,209,0,1
1098,404,220,817,1340,1957,2129,986,3189,209,1,1
1098,404,220,817,1340,1957,2129,986,3189,209,0,1
1098,404,220,817,1340,1957,2129,986,3189,209,0,1
1096,404,223,821,1343,1956,1080,987,3345,212,1,1
1096,404,223,821,1343,1956,1080,987,3345,212,0,1
1096,404,223,821,1343,1956,1080,987,3345,212,0,1
52,1461,222,819,1359,1975,1083,1001,3271,1272,1,1
52,1461,222,819,1359,1975,1083,1001,3271,1272,0,1
52,1461,222,819,1359,1975,1083,1001,3271,1272,0,1
49,1459,214,800,1252,1851,984,949,2822,155,1,1
49,1459,214,800,1252,1851,984,949,2822,155,0,1
49,1459,214,800,1252,1851,984,949,2822,155,0,1
1045,378,190,741,1200,1788,945,922,2014,130,1,1
1045,378,190,741,1200,1788,945,922,2014,130,0,1
1045,378,190,741,1200,1788,945,922,2014,130,0,1
43,379,191,743,1216,1809,960,926,2083,139,1,1
43,379,191,743,1216,1809,960,926,2083,139,0,1
43,379,191,743,1216,1809,960,926,2083,139,0,1
1051,380,192,748,1232,1828,968,935,2131,144,1,1
1051,380,192,748,1232,1828,968,935,2131,144,0,1
1051,380,192,748,1232,1828,968,935,2131,144,0,1
1061,383,195,756,2237,1815,957,934,2205,138,1,1
1061,383,195,756,2237,1815,957,934,2205,138,0,1
1061,383,195,756,2237,1815,957,934,2205,138,0,1
1054,379,190,743,1213,1810,947,1974,1976,129,1,1
1054,379,190,743,1213,1810,947,1974,1976,129,0,1
1054,379,190,743,1213,1810,947,1974,1976,129,0,1
41,1439,194,755,2180,1745,932,960,1938,111,1,1
41,1439,194,755,2180,1745,932,960,1938,111,0,1
41,1439,194,755,2180,1745,932,960,1938,111,0,1
21,346,132,628,960,1450,821,889,1085,72,1,1
21,346,132,628,960,1450,821,889,1085,72,0,1
21,346,132,628,960,1450,821,889,1085,72,0,1
901,326,106,575,1644,1258,644,807,767,37,1,1
901,326,106,575,1644,1258,644,807,767,37,0,1
901,326,106,575,1644,1258,644,807,767,37,0,1
9,290,64,484,705,1047,617,747,458,41,1,1
9,290,64,484,705,1047,617,747,458,41,0,1
9,290,64,484,705,1047,617,747,458,41,0,1
727,293,70,468,810,1112,781,809,914,80,1,1
727,293,70,468,810,1112,781,809,914,80,0,1
727,293,70,468,810,1112,781,809,914,80,0,1
747,311,95,511,851,1157,817,828,1306,93,1,1
747,311,95,511,851,1157,817,828,1306,93,0,1
747,311,95,511,851,1157,817,828,1306,93,0,1
730,303,85,489,791,1089,770,329,1193,76,1,1
730,303,85,489,791,1089,770,329,1193,76,0,1
730,303,85,489,791,1089,770,329,1193,76,0,1
8,1012,75,472,769,1071,744,782,990,66,1,1
8,1012,75,472,769,1071,744,782,990,66,0,1
8,1012,75,472,769,1071,744,782,990,66,0,1
9,299,79,484,793,1108,763,796,1001,69,1,1
9,299,79,484,793,1108,763,796,1001,69,0,1
9,299,79,484,793,1108,763,796,1001,69,0,1
781,310,91,522,1070,1580,961,917,1032,116,1,1
781,310,91,522,1070,1580,961,917,1032,116,0,1
781,310,91,522,1070,1580,961,917,1032,116,0,1
996,386,190,735,1391,2054,1238,2089,2069,266,1,1
996,386,190,735,1391,2054,1238,2089,2069,266,0,1
996,386,190,735,1391,2054,1238,2089,2069,266,0,1
64,363,270,825,1188,1666,1213,1034,5921,383,1,1
64,363,270,825,1188,1666,1213,1034,5921,383,0,1
64,363,270,825,1188,1666,1213,1034,5921,383,0,1
69,219,267,625,1070,1468,1122,582,4950,393,1,1
69,219,267,625,1070,1468,1122,582,4950,393,0,1
69,219,267,625,1070,1468,1122,582,4950,393,0,1
233,157,1188,750,2268,1892,1263,1078,5149,385,1,1
233,157,1188,750,2268,1892,1263,1078,5149,385,0,1
233,157,1188,750,2268,1892,1263,1078,5149,385,0,1
67,330,278,404,1347,1973,1269,1079,5123,371,1,1
67,330,278,404,1347,1973,1269,1079,5123,371,0,1
67,330,278,404,1347,1973,1269,1079,5123,371,0,1
64,1175,687,433,1405,2073,1269,2077,4942,307,1,1
64,1175,687,433,1405,2073,1269,2077,4942,307,0,1
64,1175,687,433,1405,2073,1269,2077,4942,307,0,1
108,177,235,435,1220,1823,1007,959,5113,146,1,1
108,177,235,435,1220,1823,1007,959,5113,146,0,1
108,177,235,435,1220,1823,1007,959,5113,146,0,1
978,355,154,656,961,1501,747,866,1102,54,1,1
978,355,154,656,961,1501,747,866,1102,54,0,1
978,355,154,656,961,1501,747,866,1102,54,0,1
946,341,137,615,1002,1545,790,880,791,64,1,1
946,341,137,615,1002,1545,790,880,791,64,0,1
946,341,137,615,1002,1545,790,880,791,64,0,1
38,380,181,718,1401,2060,1197,1054,1769,244,1,1
38,380,181,718,1401,2060,1197,1054,1769,244,0,1
38,380,181,718,1401,2060,1197,1054,1769,244,0,1
65,365,275,844,1767,1498,1566,589,5951,516,1,1
65,365,275,844,1767,1498,1566,589,5951,516,0,1
65,365,275,844,1767,1498,1566,589,5951,516,0,1
79,111,257,357,1136,1666,1209,993,5127,348,1,1
79,111,257,357,1136,1666,1209,993,5127,348,0,1
79,111,257,357,1136,1666,1209,993,5127,348,0,1
870,152,209,900,1122,1686,1104,889,3684,994,1,1
870,152,209,900,1122,1686,1104,889,3684,994,0,1
870,152,209,900,1122,1686,1104,889,3684,994,0,1
751,274,217,361,964,1453,1222,889,3976,400,1,1
751,274,217,361,964,1453,1222,889,3976,400,0,1
751,274,217,361,964,1453,1222,889,3976,400,0,1
51,688,314,595,1536,1444,1076,876,3951,286,1,1
51,688,314,595,1536,1444,1076,876,3951,286,0,1
51,688,314,595,1536,1444,1076,876,3951,286,0,1
69,119,206,659,641,1072,977,738,3857,544,1,1
69,119,206,659,641,1072,977,738,3857,544,0,1
69,119,206,659,641,1072,977,738,3857,544,0,1
52,148,203,267,382,509,694,398,4052,388,1,1
52,148,203,267,382,509,694,398,4052,388,0,1
52,148,203,267,382,509,694,398,4052,388,0,1
3,21,11,13,65,67,24,57,258,125,1,1
3,21,11,13,65,67,24,57,258,125,0,1
3,21,11,13,65,67,24,57,258,125,0,1
2,32,5,8,71,107,23,77,80,7,1,1
2,32,5,8,71,107,23,77,80,7,0,1
2,32,5,8,71,107,23,77,80,7,0,1
3,5,5,8,74,124,24,95,83,8,1,1
3,5,5,8,74,124,24,95,83,8,0,1
3,5,5,8,74,124,24,95,83,8,0,1
6,6,8,8,90,162,24,121,103,9,1,1
6,6,8,8,90,162,24,121,103,9,0,1
6,6,8,8,90,162,24,121,103,9,0,1
173,8,26,8,91,165,25,118,118,8,1,1
173,8,26,8,91,165,25,118,118,8,0,1
173,8,26,8,91,165,25,118,118,8,0,1
5,9,53,9,77,122,25,93,106,8,1,1
5,9,53,9,77,122,25,93,106,8,0,1
5,9,53,9,77,122,25,93,106,8,0,1
3,40,6,8,82,137,25,99,85,8,1,1
3,40,6,8,82,137,25,99,85,8,0,1
3,40,6,8,82,137,25,99,85,8,0,1
2,142,5,9,77,114,24,83,133,8,1,1
2,142,5,9,77,114,24,83,133,8,0,1
2,142,5,9,77,114,24,83,133,8,0,1
18,3,5,8,44,58,46,34,83,78,1,1
18,3,5,8,44,58,46,34,83,78,0,1
18,3,5,8,44,58,46,34,83,78,0,1
52,78,151,82,918,2023,1083,892,3015,326,1,1
52,78,151,82,918,2023,1083,892,3015,326,0,1
52,78,151,82,918,2023,1083,892,3015,326,0,1
180,137,244,353,973,2187,1082,516,5273,320,1,1
180,137,244,353,973,2187,1082,516,5273,320,0,1
180,137,244,353,973,2187,1082,516,5273,320,0,1
59,104,701,257,757,1163,966,1267,4092,322,1,1
59,104,701,257,757,1163,966,1267,4092,322,0,1
59,104,701,257,757,1163,966,1267,4092,322,0,1
59,301,230,895,959,1439,1070,904,4265,410,1,1
59,301,230,895,959,1439,1070,904,4265,410,0,1
59,301,230,895,959,1439,1070,904,4265,410,0,1
60,115,336,287,760,1161,983,799,4292,339,1,1
60,115,336,287,760,1161,983,799,4292,339,0,1
60,115,336,287,760,1161,983,799,4292,339,0,1
62,228,228,243,473,696,688,523,4206,536,1,1
62,228,228,243,473,696,688,523,4206,536,0,1
62,228,228,243,473,696,688,523,4206,536,0,1
63,77,129,36,44,70,40,60,2567,88,1,1
63,77,129,36,44,70,40,60,2567,88,0,1
63,77,129,36,44,70,40,60,2567,88,0,1
63,77,129,36,44,70,40,60,2567,88,0,1
7,4,8,22,36,53,68,46,128,13,1,1
7,4,8,22,36,53,68,46,128,13,0,1
7,4,8,22,36,53,68,46,128,13,0,1
17,16,247,10,135,338,30,144,554,30,1,1
17,16,247,10,135,338,30,144,554,30,0,1
17,16,247,10,135,338,30,144,554,30,0,1
50,4,18,110,103,214,28,80,801,17,1,1
50,4,18,110,103,214,28,80,801,17,0,1
50,4,18,110,103,214,28,80,801,17,0,1
10,4,86,296,78,132,28,52,209,13,1,1
10,4,86,296,78,132,28,52,209,13,0,1
10,4,86,296,78,132,28,52,209,13,0,1
10,12,18,9,77,190,28,334,306,18,1,1
10,12,18,9,77,190,28,334,306,18,0,1
10,12,18,9,77,190,28,334,306,18,0,1
20,12,19,9,97,289,31,446,538,41,1,1
20,12,19,9,97,289,31,446,538,41,0,1
20,12,19,9,97,289,31,446,538,41,0,1
37,19,83,10,214,464,37,276,1222,110,1,1
37,19,83,10,214,464,37,276,1222,110,0,1
37,19,83,10,214,464,37,276,1222,110,0,1
49,490,264,11,223,487,39,291,1512,120,1,1
49,490,264,11,223,487,39,291,1512,120,0,1
49,490,264,11,223,487,39,291,1512,120,0,1
50,19,275,12,266,533,51,336,1570,143,1,1
50,19,275,12,266,533,51,336,1570,143,0,1
50,19,275,12,266,533,51,336,1570,143,0,1
52,22,293,13,317,584,83,388,2208,176,1,1
52,22,293,13,317,584,83,388,2208,176,0,1
52,22,293,13,317,584,83,388,2208,176,0,1
59,36,359,25,480,711,226,521,2655,247,1,1
59,36,359,25,480,711,226,521,2655,247,0,1
59,36,359,25,480,711,226,521,2655,247,0,1
63,167,210,131,1206,1788,1126,966,3390,308,1,1
63,167,210,131,1206,1788,1126,966,3390,308,0,1
63,167,210,131,1206,1788,1126,966,3390,308,0,1
99,161,216,979,1070,1589,867,538,4395,125,1,1
99,161,216,979,1070,1589,867,538,4395,125,0,1
99,161,216,979,1070,1589,867,538,4395,125,0,1
24,261,113,481,1081,861,409,237,639,23,1,1
24,261,113,481,1081,861,409,237,639,23,0,1
24,261,113,481,1081,861,409,237,639,23,0,1
14,167,67,302,461,739,382,413,275,26,1,1
14,167,67,302,461,739,382,413,275,26,0,1
14,167,67,302,461,739,382,413,275,26,0,1
16,69,236,167,1337,1122,588,587,1028,67,1,1
16,69,236,167,1337,1122,588,587,1028,67,0,1
16,69,236,167,1337,1122,588,587,1028,67,0,1
825,123,147,296,1002,1505,1695,828,1404,88,1,1
825,123,147,296,1002,1505,1695,828,1404,88,0,1
825,123,147,296,1002,1505,1695,828,1404,88,0,1
858,311,118,565,727,1152,601,736,830,791,1,1
858,311,118,565,727,1152,601,736,830,791,0,1
858,311,118,565,727,1152,601,736,830,791,0,1
730,268,65,452,583,946,450,656,407,23,1,1
730,268,65,452,583,946,450,656,407,23,0,1
730,268,65,452,583,946,450,656,407,23,0,1
6,244,42,397,700,1884,557,727,252,30,1,1
6,244,42,397,700,1884,557,727,252,30,0,1
6,244,42,397,700,1884,557,727,252,30,0,1
27,336,1054,628,1274,2906,1035,957,1087,178,1,1
27,336,1054,628,1274,2906,1035,957,1087,178,0,1
27,336,1054,628,1274,2906,1035,957,1087,178,0,1
57,383,241,823,741,1184,906,781,4124,344,1,1
57,383,241,823,741,1184,906,781,4124,344,0,1
57,383,241,823,741,1184,906,781,4124,344,0,1
18,15,35,30,36,55,33,88,944,16,1,1
18,15,35,30,36,55,33,88,944,16,0,1
18,15,35,30,36,55,33,88,944,16,0,1
2,16,7,9,37,54,28,96,111,13,1,1
2,16,7,9,37,54,28,96,111,13,0,1
2,16,7,9,37,54,28,96,111,13,0,1
129,17,8,9,37,94,28,47,173,14,1,1
129,17,8,9,37,94,28,47,173,14,0,1
129,17,8,9,37,94,28,47,173,14,0,1
5,12,8,9,34,79,29,47,180,113,1,1
5,12,8,9,34,79,29,47,180,113,0,1
5,12,8,9,34,79,29,47,180,113,0,1
7,11,8,9,35,99,155,49,235,15,1,1
7,11,8,9,35,99,155,49,235,15,0,1
7,11,8,9,35,99,155,49,235,15,0,1
130,16,8,9,35,207,29,49,255,16,1,1
130,16,8,9,35,207,29,49,255,16,0,1
130,16,8,9,35,207,29,49,255,16,0,1
6,11,13,9,34,65,86,48,328,15,1,1
6,11,13,9,34,65,86,48,328,15,0,1
6,11,13,9,34,65,86,48,328,15,0,1
4,16,8,9,34,82,29,49,178,101,1,1
4,16,8,9,34,82,29,49,178,101,0,1
4,16,8,9,34,82,29,49,178,101,0,1
8,16,9,9,35,94,121,50,264,17,1,1
8,16,9,9,35,94,121,50,264,17,0,1
8,16,9,9,35,94,121,50,264,17,0,1
11,11,10,9,37,130,31,176,363,25,1,1
11,11,10,9,37,130,31,176,363,25,0,1
11,11,10,9,37,130,31,176,363,25,0,1
17,18,16,10,42,187,32,77,551,39,1,1
17,18,16,10,42,187,32,77,551,39,0,1
17,18,16,10,42,187,32,77,551,39,0,1
228,21,31,10,57,255,33,110,815,283,1,1
228,21,31,10,57,255,33,110,815,283,0,1
228,21,31,10,57,255,33,110,815,283,0,1
33,13,57,11,156,416,68,232,1098,160,1,1
33,13,57,11,156,416,68,232,1098,160,0,1
33,13,57,11,156,416,68,232,1098,160,0,1
61,58,503,70,565,842,1091,627,3044,347,1,1
61,58,503,70,565,842,1091,627,3044,347,0,1
61,58,503,70,565,842,1091,627,3044,347,0,1
56,94,198,195,759,987,956,699,3770,319,1,1
56,94,198,195,759,987,956,699,3770,319,0,1
56,94,198,195,759,987,956,699,3770,319,0,1
436,318,216,319,1048,1750,1135,1655,4029,284,1,0
436,318,216,319,1048,1750,1135,1655,4029,284,0,0
436,318,216,319,1048,1750,1135,1655,4029,284,0,0
55,862,226,668,904,1523,1148,1348,4159,301,1,1
55,862,226,668,904,1523,1148,1348,4159,301,0,1
55,862,226,668,904,1523,1148,1348,4159,301,0,1
81,116,457,617,615,1068,1062,752,4072,320,1,1
81,116,457,617,615,1068,1062,752,4072,320,0,1
81,116,457,617,615,1068,1062,752,4072,320,0,1
45,120,172,240,295,325,647,253,3401,285,1,1
45,120,172,240,295,325,647,253,3401,285,0,1
45,120,172,240,295,325,647,253,3401,285,0,1
46,25,30,36,45,59,57,59,1088,31,1,1
46,25,30,36,45,59,57,59,1088,31,0,1
46,25,30,36,45,59,57,59,1088,31,0,1
77,13,9,12,40,52,39,49,153,94,1,1
77,13,9,12,40,52,39,49,153,94,0,1
77,13,9,12,40,52,39,49,153,94,0,1
3,12,9,12,38,52,39,49,208,15,1,1
3,12,9,12,38,52,39,49,208,15,0,1
3,12,9,12,38,52,39,49,208,15,0,1
3,12,8,11,40,50,112,46,132,13,1,1
3,12,8,11,40,50,112,46,132,13,0,1
3,12,8,11,40,50,112,46,132,13,0,1
3,16,8,10,44,50,34,46,124,91,1,1
3,16,8,10,44,50,34,46,124,91,0,1
3,16,8,10,44,50,34,46,124,91,0,1
3,12,9,11,41,53,106,51,143,17,1,1
3,12,9,11,41,53,106,51,143,17,0,1
3,12,9,11,41,53,106,51,143,17,0,1
4,18,11,12,45,58,51,59,238,29,1,1
4,18,11,12,45,58,51,59,238,29,0,1
4,18,11,12,45,58,51,59,238,29,0,1
4,19,12,14,55,62,131,64,299,73,1,1
4,19,12,14,55,62,131,64,299,73,0,1
4,19,12,14,55,62,131,64,299,73,0,1
5,15,23,21,88,66,181,106,759,134,1,1
5,15,23,21,88,66,181,106,759,134,0,1
5,15,23,21,88,66,181,106,759,134,0,1
5,15,25,20,75,64,187,66,828,115,1,1
5,15,25,20,75,64,187,66,828,115,0,1
5,15,25,20,75,64,187,66,828,115,0,1
5,21,18,19,75,65,146,66,752,110,1,1
5,21,18,19,75,65,146,66,752,110,0,1
5,21,18,19,75,65,146,66,752,110,0,1
7,18,34,30,185,85,331,89,1076,203,1,1
7,18,34,30,185,85,331,89,1076,203,0,1
7,18,34,30,185,85,331,89,1076,203,0,1
15,38,63,75,256,239,578,189,1908,280,1,1
15,38,63,75,256,239,578,189,1908,280,0,1
15,38,63,75,256,239,578,189,1908,280,0,1
26,72,111,148,343,382,776,324,2649,352,1,1
26,72,111,148,343,382,776,324,2649,352,0,1
26,72,111,148,343,382,776,324,2649,352,0,1
34,183,160,262,721,1164,1298,420,3403,342,1,1
34,183,160,262,721,1164,1298,420,3403,342,0,1
34,183,160,262,721,1164,1298,420,3403,342,0,1
46,127,332,354,864,1213,1206,442,4045,346,1,1
46,127,332,354,864,1213,1206,442,4045,346,0,1
46,127,332,354,864,1213,1206,442,4045,346,0,1
43,207,268,324,1298,1443,1717,488,3741,318,1,1
43,207,268,324,1298,1443,1717,488,3741,318,0,1
43,207,268,324,1298,1443,1717,488,3741,318,0,1
59,398,243,799,1322,1927,2027,495,4422,201,1,1
59,398,243,799,1322,1927,2027,495,4422,201,0,1
59,398,243,799,1322,1927,2027,495,4422,201,0,1
19,199,61,322,197,137,338,188,1018,9,1,1
19,199,61,322,197,137,338,188,1018,9,0,1
19,199,61,322,197,137,338,188,1018,9,0,1
199,3,50,8,52,143,17,13,89,6,1,1
199,3,50,8,52,143,17,13,89,6,0,1
199,3,50,8,52,143,17,13,89,6,0,1
3,2,3,17,13,16,7,8,107,31,1,1
3,2,3,17,13,16,7,8,107,31,0,1
3,2,3,17,13,16,7,8,107,31,0,1
0,2,1,9,2,2,1,2,8,2,1,1
0,2,1,9,2,2,1,2,8,2,0,1
0,2,1,9,2,2,1,2,8,2,0,1
1,0,1,0,13,14,10,8,41,11,1,1
1,0,1,0,13,14,10,8,41,11,0,1
1,0,1,0,13,14,10,8,41,11,0,1
2,7,8,6,31,50,37,36,147,12,1,1
2,7,8,6,31,50,37,36,147,12,0,1
2,7,8,6,31,50,37,36,147,12,0,1
3,13,21,17,79,96,43,44,230,13,1,1
3,13,21,17,79,96,43,44,230,13,0,1
3,13,21,17,79,96,43,44,230,13,0,1
3,24,67,22,88,115,58,113,203,10,1,2
3,24,67,22,88,115,58,113,203,10,0,2
3,24,67,22,88,115,58,113,203,10,0,2
4,15,14,48,174,134,90,58,238,15,1,2
4,15,14,48,174,134,90,58,238,15,0,2
4,15,14,48,174,134,90,58,238,15,0,2
16,16,15,97,99,83,52,59,134,15,1,2
16,16,15,97,99,83,52,59,134,15,0,2
16,16,15,97,99,83,52,59,134,15,0,2
4,66,4,19,82,41,9,53,59,1,1,2
4,66,4,19,82,41,9,53,59,1,0,2
4,66,4,19,82,41,9,53,59,1,0,2
7,17,0,12,24,30,7,21,6,40,1,2
7,17,0,12,24,30,7,21,6,40,0,2
7,17,0,12,24,30,7,21,6,40,0,2
0,0,8,1,7,5,6,7,14,3,1,2
0,0,8,1,7,5,6,7,14,3,0,2
0,0,8,1,7,5,6,7,14,3,0,2
0,5,5,3,9,7,9,9,31,2,1,2
0,5,5,3,9,7,9,9,31,2,0,2
0,5,5,3,9,7,9,9,31,2,0,2
1,2,3,3,4,6,3,2,21,1,1,2
1,2,3,3,4,6,3,2,21,1,0,2
1,2,3,3,4,6,3,2,21,1,0,2
0,1,1,1,3,3,2,2,8,1,1,1
0,1,1,1,3,3,2,2,8,1,0,1
0,1,1,1,3,3,2,2,8,1,0,1
0,1,1,1,3,3,1,4,10,1,1,1
0,1,1,1,3,3,1,4,10,1,0,1
0,1,1,1,3,3,1,4,10,1,0,1
2,1,0,1,2,4,1,2,7,0,1,1
2,1,0,1,2,4,1,2,7,0,0,1
2,1,0,1,2,4,1,2,7,0,0,1
2,1,0,1,2,4,1,2,7,0,0,1
0,0,0,1,3,3,1,4,7,0,1,2
0,0,0,1,3,3,1,4,7,0,0,2
0,0,0,1,3,3,1,4,7,0,0,2
0,1,3,1,3,3,4,2,4,0,1,2
0,1,3,1,3,3,4,2,4,0,0,2
0,1,3,1,3,3,4,2,4,0,0,2
0,1,1,1,4,4,4,2,6,0,1,2
0,1,1,1,4,4,4,2,6,0,0,2
0,1,1,1,4,4,4,2,6,0,0,2
0,1,1,1,3,3,1,2,4,0,1,2
0,1,1,1,3,3,1,2,4,0,0,2
0,1,1,1,3,3,1,2,4,0,0,2
0,1,0,0,2,2,1,1,3,0,1,2
0,1,0,0,2,2,1,1,3,0,0,2
0,1,0,0,2,2,1,1,3,0,0,2
0,0,0,2,2,2,1,1,4,0,1,2
0,0,0,2,2,2,1,1,4,0,0,2
0,0,0,2,2,2,1,1,4,0,0,2
0,1,0,1,3,3,2,2,8,1,1,1
0,1,0,1,3,3,2,2,8,1,0,1
0,1,0,1,3,3,2,2,8,1,0,1
0,1,1,1,5,3,2,2,10,1,1,1
0,1,1,1,5,3,2,2,10,1,0,1
0,1,1,1,5,3,2,2,10,1,0,1
0,1,1,1,3,4,2,2,13,3,1,1
0,1,1,1,3,4,2,2,13,3,0,1
0,1,1,1,3,4,2,2,13,3,0,1
0,1,1,1,3,3,4,2,13,1,1,1
0,1,1,1,3,3,4,2,13,1,0,1
0,1,1,1,3,3,4,2,13,1,0,1
0,1,1,1,3,3,2,2,12,1,1,1
0,1,1,1,3,3,2,2,12,1,0,1
0,1,1,1,3,3,2,2,12,1,0,1
0,3,1,1,3,5,2,2,12,1,1,1
0,3,1,1,3,5,2,2,12,1,0,1
0,3,1,1,3,5,2,2,12,1,0,1
0,1,1,1,3,3,4,2,12,1,1,1
0,1,1,1,3,3,4,2,12,1,0,1
0,1,1,1,3,3,4,2,12,1,0,1
0,1,1,1,3,3,2,2,12,1,1,1
0,1,1,1,3,3,2,2,12,1,0,1
0,1,1,1,3,3,2,2,12,1,0,1
0,1,1,1,3,3,2,2,13,1,1,1
0,1,1,1,3,3,2,2,13,1,0,1
0,1,1,1,3,3,2,2,13,1,0,1
2,1,1,1,3,3,3,2,11,1,1,1
2,1,1,1,3,3,3,2,11,1,0,1
2,1,1,1,3,3,3,2,11,1,0,1
0,1,0,0,2,2,1,2,6,0,1,1
0,1,0,0,2,2,1,2,6,0,0,1
0,1,0,0,2,2,1,2,6,0,0,1
0,0,2,0,2,2,2,1,4,0,1,1
0,0,2,0,2,2,2,1,4,0,0,1
0,0,2,0,2,2,2,1,4,0,0,1
0,1,0,0,2,2,3,1,5,0,1,2
0,1,0,0,2,2,3,1,5,0,0,2
0,1,0,0,2,2,3,1,5,0,0,2
0,3,1,0,3,4,4,2,4,0,1,2
0,3,1,0,3,4,4,2,4,0,0,2
0,3,1,0,3,4,4,2,4,0,0,2
3,2,0,1,2,4,1,1,5,0,1,2
3,2,0,1,2,4,1,1,5,0,0,2
3,2,0,1,2,4,1,1,5,0,0,2
1,0,0,1,6,8,5,3,10,2,1,2
1,0,0,1,6,8,5,3,10,2,0,2
1,0,0,1,6,8,5,3,10,2,0,2
0,22,4,20,31,48,27,28,61,6,1,1
0,22,4,20,31,48,27,28,61,6,0,1
0,22,4,20,31,48,27,28,61,6,0,1
2,1,2,2,7,5,3,3,23,2,1,1
2,1,2,2,7,5,3,3,23,2,0,1
2,1,2,2,7,5,3,3,23,2,0,1
0,2,1,5,4,13,10,4,31,2,1,1
0,2,1,5,4,13,10,4,31,2,0,1
0,2,1,5,4,13,10,4,31,2,0,1
0,2,1,2,4,5,6,3,19,2,1,1
0,2,1,2,4,5,6,3,19,2,0,1
0,2,1,2,4,5,6,3,19,2,0,1
0,2,1,2,4,4,3,3,14,1,1,1
0,2,1,2,4,4,3,3,14,1,0,1
0,2,1,2,4,4,3,3,14,1,0,1
2,1,1,1,4,4,3,5,12,1,1,1
2,1,1,1,4,4,3,5,12,1,0,1
2,1,1,1,4,4,3,5,12,1,0,1
0,1,1,1,4,4,3,3,12,1,1,1
0,1,1,1,4,4,3,3,12,1,0,1
0,1,1,1,4,4,3,3,12,1,0,1
0,1,1,1,3,4,3,3,14,1,1,1
0,1,1,1,3,4,3,3,14,1,0,1
0,1,1,1,3,4,3,3,14,1,0,1
0,1,1,1,3,4,3,5,12,1,1,1
0,1,1,1,3,4,3,5,12,1,0,1
0,1,1,1,3,4,3,5,12,1,0,1
0,1,1,1,3,7,3,3,11,1,1,1
0,1,1,1,3,7,3,3,11,1,0,1
0,1,1,1,3,7,3,3,11,1,0,1
3,1,1,1,4,4,3,3,11,1,1,1
3,1,1,1,4,4,3,3,11,1,0,1
3,1,1,1,4,4,3,3,11,1,0,1
1,1,1,1,4,7,4,3,13,1,1,1
1,1,1,1,4,7,4,3,13,1,0,1
1,1,1,1,4,7,4,3,13,1,0,1
0,1,1,2,4,8,16,3,13,1,1,2
0,1,1,2,4,8,16,3,13,1,0,2
0,1,1,2,4,8,16,3,13,1,0,2
0,1,1,9,4,8,29,5,76,2,1,2
0,1,1,9,4,8,29,5,76,2,0,2
0,1,1,9,4,8,29,5,76,2,0,2
0,4,1,8,4,9,32,3,75,3,1,2
0,4,1,8,4,9,32,3,75,3,0,2
0,4,1,8,4,9,32,3,75,3,0,2
3,2,1,8,4,5,17,3,70,2,1,1
3,2,1,8,4,5,17,3,70,2,0,1
3,2,1,8,4,5,17,3,70,2,0,1
0,1,1,4,4,7,26,3,61,2,1,1
0,1,1,4,4,7,26,3,61,2,0,1
0,1,1,4,4,7,26,3,61,2,0,1
1,1,1,10,4,8,31,2,66,3,1,1
1,1,1,10,4,8,31,2,66,3,0,1
1,1,1,10,4,8,31,2,66,3,0,1
0,1,1,6,7,8,33,4,66,3,1,1
0,1,1,6,7,8,33,4,66,3,0,1
0,1,1,6,7,8,33,4,66,3,0,1
3,2,1,9,7,15,38,4,76,5,1,1
3,2,1,9,7,15,38,4,76,5,0,1
3,2,1,9,7,15,38,4,76,5,0,1
0,2,1,11,6,14,37,4,82,5,1,1
0,2,1,11,6,14,37,4,82,5,0,1
0,2,1,11,6,14,37,4,82,5,0,1
0,1,1,8,5,7,34,3,74,4,1,1
0,1,1,8,5,7,34,3,74,4,0,1
0,1,1,8,5,7,34,3,74,4,0,1
0,1,1,7,9,6,39,3,84,8,1,1
0,1,1,7,9,6,39,3,84,8,0,1
0,1,1,7,9,6,39,3,84,8,0,1
0,2,2,11,24,11,45,4,97,13,1,1
0,2,2,11,24,11,45,4,97,13,0,1
0,2,2,11,24,11,45,4,97,13,0,1
0,3,1,12,22,12,42,4,99,14,1,1
0,3,1,12,22,12,42,4,99,14,0,1
0,3,1,12,22,12,42,4,99,14,0,1
0,2,2,11,15,13,40,4,92,8,1,1
0,2,2,11,15,13,40,4,92,8,0,1
0,2,2,11,15,13,40,4,92,8,0,1
0,2,1,12,11,17,39,5,89,6,1,1
0,2,1,12,11,17,39,5,89,6,0,1
0,2,1,12,11,17,39,5,89,6,0,1
0,1,1,12,6,17,37,3,74,4,1,1
0,1,1,12,6,17,37,3,74,4,0,1
0,1,1,12,6,17,37,3,74,4,0,1
0,2,1,13,13,24,39,3,75,5,1,1
0,2,1,13,13,24,39,3,75,5,0,1
0,2,1,13,13,24,39,3,75,5,0,1
0,3,1,13,11,20,41,3,73,5,1,1
0,3,1,13,11,20,41,3,73,5,0,1
0,3,1,13,11,20,41,3,73,5,0,1
0,3,1,13,17,24,41,4,80,7,1,1
0,3,1,13,17,24,41,4,80,7,0,1
0,3,1,13,17,24,41,4,80,7,0,1
0,6,2,15,29,41,47,32,94,13,1,1
0,6,2,15,29,41,47,32,94,13,0,1
0,6,2,15,29,41,47,32,94,13,0,1
1,20,22,22,55,86,53,44,160,15,1,1
1,20,22,22,55,86,53,44,160,15,0,1
1,20,22,22,55,86,53,44,160,15,0,1
3,21,13,24,50,89,55,45,216,15,1,1
3,21,13,24,50,89,55,45,216,15,0,1
3,21,13,24,50,89,55,45,216,15,0,1
3,20,14,25,46,88,56,45,251,15,1,1
3,20,14,25,46,88,56,45,251,15,0,1
3,20,14,25,46,88,56,45,251,15,0,1
3,17,23,23,34,41,53,42,227,16,1,1
3,17,23,23,34,41,53,42,227,16,0,1
3,17,23,23,34,41,53,42,227,16,0,1
2,7,9,16,25,13,48,3,133,14,1,1
2,7,9,16,25,13,48,3,133,14,0,1
2,7,9,16,25,13,48,3,133,14,0,1
0,2,1,10,6,4,39,3,102,10,1,1
0,2,1,10,6,4,39,3,102,10,0,1
0,2,1,10,6,4,39,3,102,10,0,1
0,1,1,2,6,4,4,3,97,2,1,1
0,1,1,2,6,4,4,3,97,2,0,1
0,1,1,2,6,4,4,3,97,2,0,1
2,1,1,1,5,4,21,3,53,12,1,1
2,1,1,1,5,4,21,3,53,12,0,1
2,1,1,1,5,4,21,3,53,12,0,1
2,2,1,2,6,4,37,3,109,13,1,1
2,2,1,2,6,4,37,3,109,13,0,1
2,2,1,2,6,4,37,3,109,13,0,1
0,1,1,6,15,4,46,3,112,13,1,1
0,1,1,6,15,4,46,3,112,13,0,1
0,1,1,6,15,4,46,3,112,13,0,1
0,2,3,11,19,4,48,3,116,14,1,1
0,2,3,11,19,4,48,3,116,14,0,1
0,2,3,11,19,4,48,3,116,14,0,1
0,1,1,7,8,4,41,3,111,10,1,1
0,1,1,7,8,4,41,3,111,10,0,1
0,1,1,7,8,4,41,3,111,10,0,1
0,1,1,3,6,4,37,3,92,8,1,1
0,1,1,3,6,4,37,3,92,8,0,1
0,1,1,3,6,4,37,3,92,8,0,1
0,1,1,2,5,4,12,3,82,7,1,1
0,1,1,2,5,4,12,3,82,7,0,1
0,1,1,2,5,4,12,3,82,7,0,1
0,3,2,10,33,31,55,16,113,16,1,1
0,3,2,10,33,31,55,16,113,16,0,1
0,3,2,10,33,31,55,16,113,16,0,1
0,10,12,19,32,28,53,13,141,19,1,1
0,10,12,19,32,28,53,13,141,19,0,1
0,10,12,19,32,28,53,13,141,19,0,1
0,8,6,17,31,27,52,11,123,16,1,1
0,8,6,17,31,27,52,11,123,16,0,1
0,8,6,17,31,27,52,11,123,16,0,1
0,9,7,18,31,38,54,23,122,13,1,1
0,9,7,18,31,38,54,23,122,13,0,1
0,9,7,18,31,38,54,23,122,13,0,1
0,9,7,18,31,38,54,23,122,13,0,1
7,9,7,20,15,6,38,3,129,7,1,1
7,9,7,20,15,6,38,3,129,7,0,1
7,9,7,20,15,6,38,3,129,7,0,1
0,1,2,6,25,21,44,10,88,14,1,1
0,1,2,6,25,21,44,10,88,14,0,1
0,1,2,6,25,21,44,10,88,14,0,1
2,10,12,19,40,67,63,41,173,14,1,1
2,10,12,19,40,67,63,41,173,14,0,1
2,10,12,19,40,67,63,41,173,14,0,1
2,20,9,24,58,75,73,38,165,10,1,1
2,20,9,24,58,75,73,38,165,10,0,1
2,20,9,24,58,75,73,38,165,10,0,1
1,20,8,23,43,60,45,30,147,26,1,1
1,20,8,23,43,60,45,30,147,26,0,1
1,20,8,23,43,60,45,30,147,26,0,1
1,17,13,36,45,62,49,33,149,9,1,1
1,17,13,36,45,62,49,33,149,9,0,1
1,17,13,36,45,62,49,33,149,9,0,1
1,20,16,22,44,63,51,34,163,24,1,1
1,20,16,22,44,63,51,34,163,24,0,1
1,20,16,22,44,63,51,34,163,24,0,1
13,19,8,22,37,60,50,40,155,10,1,1
13,19,8,22,37,60,50,40,155,10,0,1
13,19,8,22,37,60,50,40,155,10,0,1
13,25,8,22,39,58,48,31,151,10,1,1
13,25,8,22,39,58,48,31,151,10,0,1
13,25,8,22,39,58,48,31,151,10,0,1
1,15,13,19,35,62,45,28,152,9,1,1
1,15,13,19,35,62,45,28,152,9,0,1
1,15,13,19,35,62,45,28,152,9,0,1
1,13,6,18,31,55,42,25,142,8,1,1
1,13,6,18,31,55,42,25,142,8,0,1
1,13,6,18,31,55,42,25,142,8,0,1
6,12,10,17,33,51,40,30,134,8,1,2
6,12,10,17,33,51,40,30,134,8,0,2
6,12,10,17,33,51,40,30,134,8,0,2
1,17,5,16,36,49,38,22,130,7,1,2
1,17,5,16,36,49,38,22,130,7,0,2
1,17,5,16,36,49,38,22,130,7,0,2
5,6,10,20,29,45,35,20,135,7,1,2
5,6,10,20,29,45,35,20,135,7,0,2
5,6,10,20,29,45,35,20,135,7,0,2
1,9,5,14,23,43,31,18,118,11,1,2
1,9,5,14,23,43,31,18,118,11,0,2
1,9,5,14,23,43,31,18,118,11,0,2
5,10,8,13,21,43,33,19,114,7,1,2
5,10,8,13,21,43,33,19,114,7,0,2
5,10,8,13,21,43,33,19,114,7,0,2
1,12,5,14,21,43,35,20,118,7,1,2
1,12,5,14,21,43,35,20,118,7,0,2
1,12,5,14,21,43,35,20,118,7,0,2
1,7,9,15,29,53,47,30,127,10,1,2
1,7,9,15,29,53,47,30,127,10,0,2
1,7,9,15,29,53,47,30,127,10,0,2
1,12,6,17,24,49,42,25,131,11,1,1
1,12,6,17,24,49,42,25,131,11,0,1
1,12,6,17,24,49,42,25,131,11,0,1
1,11,5,15,22,45,38,21,124,11,1,1
1,11,5,15,22,45,38,21,124,11,0,1
1,11,5,15,22,45,38,21,124,11,0,1
1,7,5,14,21,44,39,20,120,8,1,1
1,7,5,14,21,44,39,20,120,8,0,1
1,7,5,14,21,44,39,20,120,8,0,1
1,7,5,14,20,42,34,18,121,7,1,1
1,7,5,14,20,42,34,18,121,7,0,1
1,7,5,14,20,42,34,18,121,7,0,1
1,6,5,13,21,40,39,19,117,8,1,1
1,6,5,13,21,40,39,19,117,8,0,1
1,6,5,13,21,40,39,19,117,8,0,1
4,6,5,14,27,51,42,26,120,8,1,1
4,6,5,14,27,51,42,26,120,8,0,1
4,6,5,14,27,51,42,26,120,8,0,1
1,6,5,13,15,15,28,8,113,8,1,1
1,6,5,13,15,15,28,8,113,8,0,1
1,6,5,13,15,15,28,8,113,8,0,1
1,4,6,11,14,14,29,6,109,8,1,1
1,4,6,11,14,14,29,6,109,8,0,1
1,4,6,11,14,14,29,6,109,8,0,1
1,4,5,10,14,16,30,5,101,11,1,1
1,4,5,10,14,16,30,5,101,11,0,1
1,4,5,10,14,16,30,5,101,11,0,1
0,4,4,10,16,23,37,4,104,10,1,1
0,4,4,10,16,23,37,4,104,10,0,1
0,4,4,10,16,23,37,4,104,10,0,1
0,8,5,17,34,44,52,40,125,15,1,1
0,8,5,17,34,44,52,40,125,15,0,1
0,8,5,17,34,44,52,40,125,15,0,1
12,39,13,25,88,103,58,38,184,16,1,1
12,39,13,25,88,103,58,38,184,16,0,1
12,39,13,25,88,103,58,38,184,16,0,1
4,13,24,21,3,21,2,3,213,3,1,1
4,13,24,21,3,21,2,3,213,3,0,1
4,13,24,21,3,21,2,3,213,3,0,1
4,19,15,11,137,95,44,44,176,15,1,1
4,19,15,11,137,95,44,44,176,15,0,1
4,19,15,11,137,95,44,44,176,15,0,1
4,16,29,13,121,70,41,44,233,17,1,1
4,16,29,13,121,70,41,44,233,17,0,1
4,16,29,13,121,70,41,44,233,17,0,1
51,44,14,30,124,105,53,41,274,16,1,1
51,44,14,30,124,105,53,41,274,16,0,1
51,44,14,30,124,105,53,41,274,16,0,1
4,14,24,27,131,99,54,41,256,18,1,1
